timestamp,TRF-01_Temp_C,CB-04_Pressure_PSI,GEN-02_Vib_mm_s
2025-01-01 00:00:00,64.71,84.56,0.22
2025-01-01 01:00:00,66.34,84.41,0.19
2025-01-01 02:00:00,66.34,84.54,0.2
2025-01-01 03:00:00,67.93,84.62,0.2
2025-01-01 04:00:00,70.04,84.83,0.19
2025-01-01 05:00:00,71.98,84.72,0.18
2025-01-01 06:00:00,74.97,85.12,0.19
2025-01-01 07:00:00,77.82,85.1,0.19
2025-01-01 08:00:00,80.72,85.34,0.18
2025-01-01 09:00:00,81.66,85.44,0.23
2025-01-01 10:00:00,83.74,85.46,0.23
2025-01-01 11:00:00,83.77,85.33,0.24
2025-01-01 12:00:00,85.6,85.64,0.18
2025-01-01 13:00:00,84.53,85.47,0.2
2025-01-01 14:00:00,83.14,85.42,0.23
2025-01-01 15:00:00,82.34,85.3,0.18
2025-01-01 16:00:00,80.34,85.16,0.19
2025-01-01 17:00:00,77.52,85.24,0.18
2025-01-01 18:00:00,74.8,84.9,0.16
2025-01-01 19:00:00,71.71,84.71,0.18
2025-01-01 20:00:00,70.85,84.77,0.22
2025-01-01 21:00:00,67.39,84.66,0.21
2025-01-01 22:00:00,66.02,84.58,0.17
2025-01-01 23:00:00,65.88,84.56,0.21
2025-01-02 00:00:00,65.1,84.69,0.19
2025-01-02 01:00:00,65.07,84.48,0.19
2025-01-02 02:00:00,65.29,84.53,0.2
2025-01-02 03:00:00,68.15,84.77,0.2
2025-01-02 04:00:00,68.87,84.65,0.17
2025-01-02 05:00:00,72.22,84.6,0.19
2025-01-02 06:00:00,75.13,84.95,0.19
2025-01-02 07:00:00,77.67,85.14,0.16
2025-01-02 08:00:00,79.45,85.23,0.19
2025-01-02 09:00:00,82.4,85.25,0.2
2025-01-02 10:00:00,83.83,85.4,0.2
2025-01-02 11:00:00,85.23,85.46,0.22
2025-01-02 12:00:00,85.44,85.54,0.17
2025-01-02 13:00:00,84.52,85.35,0.24
2025-01-02 14:00:00,83.38,85.3,0.24
2025-01-02 15:00:00,81.8,85.2,0.19
2025-01-02 16:00:00,79.44,85.12,0.18
2025-01-02 17:00:00,77.96,85.15,0.16
2025-01-02 18:00:00,74.67,84.94,0.19
2025-01-02 19:00:00,71.48,84.89,0.19
2025-01-02 20:00:00,69.49,84.85,0.21
2025-01-02 21:00:00,68.05,84.61,0.22
2025-01-02 22:00:00,66.58,84.63,0.2
2025-01-02 23:00:00,65.46,84.61,0.2
2025-01-03 00:00:00,65.09,84.36,0.23
2025-01-03 01:00:00,65.09,84.43,0.2
2025-01-03 02:00:00,66.15,84.37,0.2
2025-01-03 03:00:00,67.22,84.66,0.24
2025-01-03 04:00:00,70.04,84.74,0.19
2025-01-03 05:00:00,71.86,84.7,0.19
2025-01-03 06:00:00,75.35,85.02,0.23
2025-01-03 07:00:00,77.53,85.09,0.2
2025-01-03 08:00:00,80.7,85.45,0.21
2025-01-03 09:00:00,82.93,85.31,0.16
2025-01-03 10:00:00,83.62,85.43,0.23
2025-01-03 11:00:00,84.96,85.45,0.21
2025-01-03 12:00:00,85.35,85.49,0.2
2025-01-03 13:00:00,84.77,85.5,0.2
2025-01-03 14:00:00,82.68,85.61,0.17
2025-01-03 15:00:00,82.43,85.43,0.19
2025-01-03 16:00:00,78.78,85.21,0.2
2025-01-03 17:00:00,77.52,85.16,0.21
2025-01-03 18:00:00,75.2,85.03,0.2
2025-01-03 19:00:00,73.14,84.89,0.18
2025-01-03 20:00:00,70.35,84.59,0.22
2025-01-03 21:00:00,67.75,84.63,0.23
2025-01-03 22:00:00,66.21,84.76,0.22
2025-01-03 23:00:00,65.24,84.42,0.17
2025-01-04 00:00:00,64.67,84.41,0.18
2025-01-04 01:00:00,65.51,84.33,0.2
2025-01-04 02:00:00,66.41,84.68,0.22
2025-01-04 03:00:00,67.53,84.79,0.21
2025-01-04 04:00:00,69.67,84.67,0.21
2025-01-04 05:00:00,72.14,84.79,0.19
2025-01-04 06:00:00,75.0,84.99,0.21
2025-01-04 07:00:00,78.3,85.16,0.21
2025-01-04 08:00:00,79.94,85.3,0.19
2025-01-04 09:00:00,82.09,85.33,0.2
2025-01-04 10:00:00,83.32,85.33,0.2
2025-01-04 11:00:00,84.04,85.4,0.24
2025-01-04 12:00:00,85.25,85.59,0.2
2025-01-04 13:00:00,85.66,85.61,0.18
2025-01-04 14:00:00,83.15,85.54,0.19
2025-01-04 15:00:00,81.83,85.28,0.23
2025-01-04 16:00:00,80.01,85.32,0.18
2025-01-04 17:00:00,77.68,85.23,0.21
2025-01-04 18:00:00,75.25,84.96,0.19
2025-01-04 19:00:00,72.42,84.92,0.18
2025-01-04 20:00:00,70.22,84.72,0.23
2025-01-04 21:00:00,67.42,84.71,0.2
2025-01-04 22:00:00,66.53,84.56,0.21
2025-01-04 23:00:00,65.17,84.4,0.21
2025-01-05 00:00:00,64.19,84.38,0.18
2025-01-05 01:00:00,65.61,84.57,0.22
2025-01-05 02:00:00,66.21,84.51,0.18
2025-01-05 03:00:00,68.02,84.69,0.19
2025-01-05 04:00:00,71.44,84.87,0.21
2025-01-05 05:00:00,71.83,84.87,0.16
2025-01-05 06:00:00,75.59,85.08,0.21
2025-01-05 07:00:00,76.87,85.21,0.25
2025-01-05 08:00:00,79.53,85.2,0.2
2025-01-05 09:00:00,81.28,85.32,0.25
2025-01-05 10:00:00,83.42,85.32,0.18
2025-01-05 11:00:00,84.74,85.6,0.19
2025-01-05 12:00:00,83.54,85.74,0.24
2025-01-05 13:00:00,84.55,85.53,0.22
2025-01-05 14:00:00,84.22,85.44,0.19
2025-01-05 15:00:00,82.53,85.53,0.19
2025-01-05 16:00:00,79.95,85.36,0.21
2025-01-05 17:00:00,77.27,85.05,0.19
2025-01-05 18:00:00,74.43,84.91,0.24
2025-01-05 19:00:00,71.81,84.8,0.19
2025-01-05 20:00:00,70.71,84.95,0.22
2025-01-05 21:00:00,68.03,84.69,0.19
2025-01-05 22:00:00,65.45,84.63,0.18
2025-01-05 23:00:00,65.63,84.42,0.19
2025-01-06 00:00:00,65.22,84.46,0.2
2025-01-06 01:00:00,65.64,84.44,0.19
2025-01-06 02:00:00,66.72,84.43,0.22
2025-01-06 03:00:00,68.54,84.54,0.2
2025-01-06 04:00:00,70.08,84.5,0.18
2025-01-06 05:00:00,72.15,84.97,0.2
2025-01-06 06:00:00,75.69,85.2,0.19
2025-01-06 07:00:00,78.09,85.24,0.22
2025-01-06 08:00:00,79.52,85.09,0.17
2025-01-06 09:00:00,82.07,85.55,0.18
2025-01-06 10:00:00,84.06,85.53,0.2
2025-01-06 11:00:00,85.38,85.83,0.18
2025-01-06 12:00:00,84.99,85.53,0.21
2025-01-06 13:00:00,84.86,85.32,0.22
2025-01-06 14:00:00,83.31,85.29,0.17
2025-01-06 15:00:00,81.61,85.36,0.17
2025-01-06 16:00:00,79.15,85.21,0.19
2025-01-06 17:00:00,77.11,84.95,0.23
2025-01-06 18:00:00,74.69,84.89,0.2
2025-01-06 19:00:00,71.16,84.78,0.21
2025-01-06 20:00:00,70.13,84.79,0.22
2025-01-06 21:00:00,68.35,84.81,0.18
2025-01-06 22:00:00,65.92,84.35,0.2
2025-01-06 23:00:00,65.54,84.61,0.25
2025-01-07 00:00:00,64.87,84.42,0.18
2025-01-07 01:00:00,65.73,84.44,0.23
2025-01-07 02:00:00,67.57,84.7,0.18
2025-01-07 03:00:00,68.38,84.52,0.24
2025-01-07 04:00:00,70.11,84.75,0.21
2025-01-07 05:00:00,73.08,84.9,0.18
2025-01-07 06:00:00,74.69,85.07,0.2
2025-01-07 07:00:00,77.95,85.19,0.19
2025-01-07 08:00:00,79.53,85.33,0.19
2025-01-07 09:00:00,80.91,85.43,0.21
2025-01-07 10:00:00,83.47,85.42,0.21
2025-01-07 11:00:00,85.49,85.41,0.15
2025-01-07 12:00:00,85.67,85.24,0.17
2025-01-07 13:00:00,84.18,85.38,0.24
2025-01-07 14:00:00,83.75,85.35,0.19
2025-01-07 15:00:00,82.16,85.39,0.2
2025-01-07 16:00:00,79.9,85.3,0.22
2025-01-07 17:00:00,77.8,85.01,0.23
2025-01-07 18:00:00,74.63,84.83,0.17
2025-01-07 19:00:00,73.15,84.97,0.2
2025-01-07 20:00:00,69.75,84.45,0.22
2025-01-07 21:00:00,67.88,84.69,0.21
2025-01-07 22:00:00,65.91,84.39,0.17
2025-01-07 23:00:00,64.68,84.67,0.19
2025-01-08 00:00:00,65.04,84.51,0.2
2025-01-08 01:00:00,65.33,84.63,0.19
2025-01-08 02:00:00,66.11,84.51,0.21
2025-01-08 03:00:00,68.63,84.65,0.21
2025-01-08 04:00:00,70.13,84.69,0.19
2025-01-08 05:00:00,72.18,84.71,0.21
2025-01-08 06:00:00,75.04,84.94,0.22
2025-01-08 07:00:00,77.22,85.16,0.19
2025-01-08 08:00:00,80.23,85.09,0.17
2025-01-08 09:00:00,81.97,85.2,0.2
2025-01-08 10:00:00,82.9,85.32,0.2
2025-01-08 11:00:00,84.82,85.58,0.19
2025-01-08 12:00:00,85.59,85.36,0.2
2025-01-08 13:00:00,85.22,85.53,0.18
2025-01-08 14:00:00,83.61,85.41,0.21
2025-01-08 15:00:00,81.17,85.39,0.19
2025-01-08 16:00:00,80.37,85.33,0.2
2025-01-08 17:00:00,77.66,85.26,0.16
2025-01-08 18:00:00,75.59,85.01,0.23
2025-01-08 19:00:00,72.25,84.93,0.19
2025-01-08 20:00:00,69.41,84.81,0.14
2025-01-08 21:00:00,66.87,84.5,0.19
2025-01-08 22:00:00,66.2,84.74,0.21
2025-01-08 23:00:00,65.06,84.32,0.2
2025-01-09 00:00:00,65.6,84.55,0.21
2025-01-09 01:00:00,65.29,84.41,0.21
2025-01-09 02:00:00,65.92,84.54,0.18
2025-01-09 03:00:00,67.63,84.72,0.21
2025-01-09 04:00:00,68.84,84.85,0.18
2025-01-09 05:00:00,72.93,84.94,0.2
2025-01-09 06:00:00,74.74,84.82,0.21
2025-01-09 07:00:00,77.45,85.11,0.24
2025-01-09 08:00:00,80.3,85.27,0.17
2025-01-09 09:00:00,83.0,85.36,0.19
2025-01-09 10:00:00,83.04,85.41,0.2
2025-01-09 11:00:00,83.94,85.5,0.17
2025-01-09 12:00:00,85.17,85.44,0.18
2025-01-09 13:00:00,83.9,85.32,0.22
2025-01-09 14:00:00,84.93,85.43,0.16
2025-01-09 15:00:00,82.41,85.31,0.21
2025-01-09 16:00:00,80.25,85.07,0.21
2025-01-09 17:00:00,77.49,85.25,0.21
2025-01-09 18:00:00,75.09,85.13,0.2
2025-01-09 19:00:00,72.13,84.79,0.22
2025-01-09 20:00:00,69.67,84.7,0.22
2025-01-09 21:00:00,68.14,84.83,0.17
2025-01-09 22:00:00,66.32,84.5,0.2
2025-01-09 23:00:00,65.69,84.43,0.18
2025-01-10 00:00:00,64.81,84.58,0.2
2025-01-10 01:00:00,66.73,84.56,0.21
2025-01-10 02:00:00,65.92,84.57,0.22
2025-01-10 03:00:00,67.75,84.72,0.22
2025-01-10 04:00:00,70.1,84.93,0.19
2025-01-10 05:00:00,72.29,84.91,0.21
2025-01-10 06:00:00,75.18,84.93,0.17
2025-01-10 07:00:00,78.2,85.3,0.2
2025-01-10 08:00:00,80.14,85.36,0.19
2025-01-10 09:00:00,82.62,85.4,0.21
2025-01-10 10:00:00,84.11,85.33,0.22
2025-01-10 11:00:00,84.86,85.63,0.22
2025-01-10 12:00:00,84.79,85.28,0.21
2025-01-10 13:00:00,84.5,85.38,0.22
2025-01-10 14:00:00,83.17,85.33,0.19
2025-01-10 15:00:00,82.51,85.33,0.19
2025-01-10 16:00:00,80.23,85.26,0.19
2025-01-10 17:00:00,77.49,85.07,0.18
2025-01-10 18:00:00,75.36,84.94,0.21
2025-01-10 19:00:00,73.59,84.91,0.25
2025-01-10 20:00:00,69.82,84.85,0.23
2025-01-10 21:00:00,67.83,84.7,0.22
2025-01-10 22:00:00,66.69,84.66,0.21
2025-01-10 23:00:00,65.69,84.31,0.2
2025-01-11 00:00:00,65.54,84.63,0.18
2025-01-11 01:00:00,65.25,84.41,0.2
2025-01-11 02:00:00,66.44,84.76,0.23
2025-01-11 03:00:00,67.89,84.68,0.22
2025-01-11 04:00:00,70.64,84.9,0.22
2025-01-11 05:00:00,72.94,84.9,0.2
2025-01-11 06:00:00,74.83,85.02,0.16
2025-01-11 07:00:00,77.44,85.11,0.21
2025-01-11 08:00:00,79.99,85.27,0.21
2025-01-11 09:00:00,80.95,85.15,0.17
2025-01-11 10:00:00,82.91,85.29,0.22
2025-01-11 11:00:00,84.37,85.52,0.18
2025-01-11 12:00:00,85.65,85.68,0.2
2025-01-11 13:00:00,84.38,85.49,0.25
2025-01-11 14:00:00,83.79,85.41,0.19
2025-01-11 15:00:00,82.46,85.47,0.17
2025-01-11 16:00:00,80.53,85.29,0.19
2025-01-11 17:00:00,77.31,85.27,0.21
2025-01-11 18:00:00,75.63,85.05,0.21
2025-01-11 19:00:00,72.16,84.83,0.21
2025-01-11 20:00:00,70.07,84.71,0.19
2025-01-11 21:00:00,67.67,84.58,0.19
2025-01-11 22:00:00,65.99,84.49,0.23
2025-01-11 23:00:00,66.0,84.49,0.22
2025-01-12 00:00:00,64.46,84.47,0.25
2025-01-12 01:00:00,65.31,84.51,0.21
2025-01-12 02:00:00,66.74,84.67,0.19
2025-01-12 03:00:00,68.64,84.56,0.19
2025-01-12 04:00:00,70.1,84.87,0.24
2025-01-12 05:00:00,72.17,84.82,0.2
2025-01-12 06:00:00,74.98,84.86,0.2
2025-01-12 07:00:00,78.0,85.21,0.21
2025-01-12 08:00:00,78.94,85.21,0.2
2025-01-12 09:00:00,82.33,85.54,0.18
2025-01-12 10:00:00,83.86,85.55,0.18
2025-01-12 11:00:00,84.85,85.46,0.2
2025-01-12 12:00:00,84.53,85.65,0.24
2025-01-12 13:00:00,84.94,85.56,0.21
2025-01-12 14:00:00,83.78,85.44,0.23
2025-01-12 15:00:00,81.13,85.3,0.22
2025-01-12 16:00:00,79.74,85.13,0.19
2025-01-12 17:00:00,77.62,85.06,0.19
2025-01-12 18:00:00,74.24,84.98,0.19
2025-01-12 19:00:00,72.14,84.69,0.19
2025-01-12 20:00:00,69.51,84.72,0.17
2025-01-12 21:00:00,68.54,84.73,0.17
2025-01-12 22:00:00,66.24,84.48,0.19
2025-01-12 23:00:00,65.31,84.52,0.18
2025-01-13 00:00:00,65.36,84.6,0.18
2025-01-13 01:00:00,65.45,84.59,0.19
2025-01-13 02:00:00,64.84,84.67,0.17
2025-01-13 03:00:00,67.94,84.52,0.22
2025-01-13 04:00:00,70.25,84.88,0.24
2025-01-13 05:00:00,72.85,84.83,0.2
2025-01-13 06:00:00,74.63,84.94,0.21
2025-01-13 07:00:00,77.31,85.27,0.21
2025-01-13 08:00:00,80.27,85.22,0.18
2025-01-13 09:00:00,81.57,85.49,0.2
2025-01-13 10:00:00,83.52,85.53,0.16
2025-01-13 11:00:00,85.54,85.52,0.2
2025-01-13 12:00:00,84.76,85.58,0.2
2025-01-13 13:00:00,84.29,85.53,0.19
2025-01-13 14:00:00,83.46,85.49,0.21
2025-01-13 15:00:00,82.01,85.45,0.21
2025-01-13 16:00:00,80.35,85.35,0.22
2025-01-13 17:00:00,77.46,85.28,0.18
2025-01-13 18:00:00,74.48,84.96,0.19
2025-01-13 19:00:00,72.01,84.9,0.2
2025-01-13 20:00:00,69.77,84.76,0.22
2025-01-13 21:00:00,67.21,84.72,0.19
2025-01-13 22:00:00,66.65,84.64,0.22
2025-01-13 23:00:00,64.84,84.29,0.22
2025-01-14 00:00:00,64.81,84.46,0.18
2025-01-14 01:00:00,64.85,84.48,0.18
2025-01-14 02:00:00,65.56,84.47,0.22
2025-01-14 03:00:00,68.08,84.74,0.21
2025-01-14 04:00:00,69.83,84.56,0.21
2025-01-14 05:00:00,72.12,84.89,0.17
2025-01-14 06:00:00,75.43,85.17,0.24
2025-01-14 07:00:00,78.49,85.14,0.18
2025-01-14 08:00:00,79.79,85.31,0.19
2025-01-14 09:00:00,81.76,85.35,0.19
2025-01-14 10:00:00,83.65,85.5,0.18
2025-01-14 11:00:00,84.49,85.46,0.19
2025-01-14 12:00:00,85.25,85.55,0.19
2025-01-14 13:00:00,84.51,85.6,0.18
2025-01-14 14:00:00,84.42,85.47,0.21
2025-01-14 15:00:00,81.87,85.25,0.19
2025-01-14 16:00:00,79.55,85.42,0.21
2025-01-14 17:00:00,77.82,85.02,0.22
2025-01-14 18:00:00,74.32,84.98,0.19
2025-01-14 19:00:00,73.05,85.04,0.22
2025-01-14 20:00:00,69.23,84.69,0.22
2025-01-14 21:00:00,67.53,84.6,0.18
2025-01-14 22:00:00,66.82,84.55,0.18
2025-01-14 23:00:00,65.07,84.52,0.18
2025-01-15 00:00:00,65.33,84.46,0.21
2025-01-15 01:00:00,66.2,84.7,0.21
2025-01-15 02:00:00,65.72,84.79,0.19
2025-01-15 03:00:00,67.66,84.7,0.18
2025-01-15 04:00:00,70.08,84.83,0.2
2025-01-15 05:00:00,72.8,84.99,0.21
2025-01-15 06:00:00,75.26,84.97,0.21
2025-01-15 07:00:00,77.04,85.16,0.19
2025-01-15 08:00:00,80.03,85.21,0.17
2025-01-15 09:00:00,81.92,85.41,0.22
2025-01-15 10:00:00,82.7,85.39,0.18
2025-01-15 11:00:00,84.81,85.51,0.22
2025-01-15 12:00:00,85.03,85.37,0.19
2025-01-15 13:00:00,84.05,85.37,0.22
2025-01-15 14:00:00,83.54,85.32,0.18
2025-01-15 15:00:00,81.82,85.28,0.22
2025-01-15 16:00:00,79.61,85.2,0.22
2025-01-15 17:00:00,76.79,85.14,0.18
2025-01-15 18:00:00,75.38,84.96,0.21
2025-01-15 19:00:00,72.42,84.98,0.19
2025-01-15 20:00:00,70.24,84.85,0.17
2025-01-15 21:00:00,68.15,84.64,0.21
2025-01-15 22:00:00,65.81,84.62,0.15
2025-01-15 23:00:00,65.57,84.66,0.2
2025-01-16 00:00:00,64.32,84.53,0.19
2025-01-16 01:00:00,65.33,84.68,0.17
2025-01-16 02:00:00,65.76,84.51,0.2
2025-01-16 03:00:00,67.7,84.6,0.19
2025-01-16 04:00:00,69.87,84.62,0.21
2025-01-16 05:00:00,72.32,84.84,0.21
2025-01-16 06:00:00,75.05,85.01,0.17
2025-01-16 07:00:00,77.77,85.08,0.21
2025-01-16 08:00:00,80.07,85.29,0.24
2025-01-16 09:00:00,81.31,85.49,0.18
2025-01-16 10:00:00,83.68,85.64,0.21
2025-01-16 11:00:00,84.72,85.41,0.21
2025-01-16 12:00:00,85.53,85.55,0.19
2025-01-16 13:00:00,85.26,85.43,0.22
2025-01-16 14:00:00,83.91,85.42,0.2
2025-01-16 15:00:00,82.38,85.47,0.19
2025-01-16 16:00:00,80.69,85.43,0.24
2025-01-16 17:00:00,77.67,85.01,0.2
2025-01-16 18:00:00,75.22,84.98,0.2
2025-01-16 19:00:00,72.32,84.82,0.18
2025-01-16 20:00:00,70.12,84.8,0.13
2025-01-16 21:00:00,67.95,84.56,0.2
2025-01-16 22:00:00,66.1,84.73,0.21
2025-01-16 23:00:00,65.76,84.43,0.21
2025-01-17 00:00:00,65.62,84.59,0.21
2025-01-17 01:00:00,65.05,84.76,0.2
2025-01-17 02:00:00,66.62,84.7,0.2
2025-01-17 03:00:00,67.53,84.62,0.23
2025-01-17 04:00:00,69.74,84.74,0.25
2025-01-17 05:00:00,71.46,84.79,0.18
2025-01-17 06:00:00,75.75,85.06,0.2
2025-01-17 07:00:00,78.13,84.95,0.21
2025-01-17 08:00:00,80.31,85.42,0.22
2025-01-17 09:00:00,82.58,85.4,0.19
2025-01-17 10:00:00,83.47,85.22,0.21
2025-01-17 11:00:00,84.76,85.46,0.21
2025-01-17 12:00:00,84.68,85.56,0.22
2025-01-17 13:00:00,84.54,85.37,0.18
2025-01-17 14:00:00,83.37,85.48,0.2
2025-01-17 15:00:00,81.81,85.25,0.22
2025-01-17 16:00:00,78.92,85.32,0.21
2025-01-17 17:00:00,78.46,85.16,0.21
2025-01-17 18:00:00,74.92,84.91,0.2
2025-01-17 19:00:00,72.44,84.88,0.21
2025-01-17 20:00:00,69.8,84.78,0.21
2025-01-17 21:00:00,68.86,84.68,0.21
2025-01-17 22:00:00,65.59,84.6,0.23
2025-01-17 23:00:00,66.14,84.5,0.22
2025-01-18 00:00:00,65.39,84.61,0.18
2025-01-18 01:00:00,64.43,84.38,0.21
2025-01-18 02:00:00,65.21,84.58,0.2
2025-01-18 03:00:00,67.25,84.5,0.19
2025-01-18 04:00:00,69.61,84.83,0.19
2025-01-18 05:00:00,72.13,84.73,0.21
2025-01-18 06:00:00,74.94,85.1,0.23
2025-01-18 07:00:00,77.3,84.8,0.18
2025-01-18 08:00:00,80.04,85.43,0.22
2025-01-18 09:00:00,81.84,85.43,0.2
2025-01-18 10:00:00,83.97,85.34,0.2
2025-01-18 11:00:00,84.26,85.4,0.16
2025-01-18 12:00:00,84.8,85.3,0.22
2025-01-18 13:00:00,84.65,85.5,0.17
2025-01-18 14:00:00,83.95,85.51,0.21
2025-01-18 15:00:00,82.29,85.3,0.18
2025-01-18 16:00:00,80.18,85.33,0.21
2025-01-18 17:00:00,77.46,85.3,0.18
2025-01-18 18:00:00,75.94,85.11,0.22
2025-01-18 19:00:00,71.71,84.89,0.21
2025-01-18 20:00:00,70.13,85.01,0.15
2025-01-18 21:00:00,67.64,84.48,0.22
2025-01-18 22:00:00,67.03,84.44,0.22
2025-01-18 23:00:00,65.45,84.52,0.17
2025-01-19 00:00:00,64.51,84.56,0.17
2025-01-19 01:00:00,65.6,84.5,0.2
2025-01-19 02:00:00,67.2,84.61,0.21
2025-01-19 03:00:00,67.8,84.43,0.23
2025-01-19 04:00:00,70.14,84.81,0.2
2025-01-19 05:00:00,71.68,84.7,0.19
2025-01-19 06:00:00,75.59,84.91,0.17
2025-01-19 07:00:00,77.53,85.22,0.21
2025-01-19 08:00:00,80.55,85.33,0.22
2025-01-19 09:00:00,81.58,85.43,0.21
2025-01-19 10:00:00,82.85,85.48,0.17
2025-01-19 11:00:00,84.57,85.49,0.22
2025-01-19 12:00:00,85.37,85.47,0.2
2025-01-19 13:00:00,84.5,85.49,0.24
2025-01-19 14:00:00,84.64,85.53,0.19
2025-01-19 15:00:00,81.04,85.27,0.2
2025-01-19 16:00:00,80.38,85.18,0.17
2025-01-19 17:00:00,77.67,85.03,0.22
2025-01-19 18:00:00,74.88,85.11,0.16
2025-01-19 19:00:00,72.54,85.03,0.2
2025-01-19 20:00:00,69.86,84.58,0.24
2025-01-19 21:00:00,68.4,84.63,0.21
2025-01-19 22:00:00,66.45,84.54,0.21
2025-01-19 23:00:00,65.71,84.59,0.19
2025-01-20 00:00:00,65.99,84.55,0.17
2025-01-20 01:00:00,65.34,84.71,0.2
2025-01-20 02:00:00,66.56,84.6,0.25
2025-01-20 03:00:00,67.63,84.6,0.2
2025-01-20 04:00:00,70.0,84.67,0.2
2025-01-20 05:00:00,72.57,85.0,0.2
2025-01-20 06:00:00,74.82,84.94,0.19
2025-01-20 07:00:00,77.65,85.2,0.21
2025-01-20 08:00:00,79.99,85.22,0.17
2025-01-20 09:00:00,81.59,85.33,0.19
2025-01-20 10:00:00,84.15,85.31,0.21
2025-01-20 11:00:00,85.11,85.6,0.2
2025-01-20 12:00:00,84.94,85.57,0.23
2025-01-20 13:00:00,85.08,85.58,0.2
2025-01-20 14:00:00,84.44,85.44,0.17
2025-01-20 15:00:00,82.47,85.49,0.22
2025-01-20 16:00:00,80.31,85.2,0.19
2025-01-20 17:00:00,77.79,85.24,0.23
2025-01-20 18:00:00,74.48,84.94,0.21
2025-01-20 19:00:00,71.71,84.83,0.19
2025-01-20 20:00:00,69.69,84.69,0.21
2025-01-20 21:00:00,67.37,84.58,0.22
2025-01-20 22:00:00,65.38,84.65,0.21
2025-01-20 23:00:00,65.29,84.51,0.18
2025-01-21 00:00:00,66.38,84.34,0.19
2025-01-21 01:00:00,66.03,84.71,0.19
2025-01-21 02:00:00,66.59,84.71,0.21
2025-01-21 03:00:00,68.13,84.51,0.17
2025-01-21 04:00:00,69.37,84.65,0.23
2025-01-21 05:00:00,72.51,84.71,0.19
2025-01-21 06:00:00,75.38,84.9,0.2
2025-01-21 07:00:00,78.29,85.1,0.19
2025-01-21 08:00:00,80.41,85.25,0.19
2025-01-21 09:00:00,81.47,85.31,0.19
2025-01-21 10:00:00,83.88,85.58,0.19
2025-01-21 11:00:00,83.71,85.51,0.19
2025-01-21 12:00:00,85.09,85.71,0.2
2025-01-21 13:00:00,84.92,85.46,0.2
2025-01-21 14:00:00,83.5,85.54,0.2
2025-01-21 15:00:00,81.37,85.38,0.18
2025-01-21 16:00:00,79.92,85.16,0.15
2025-01-21 17:00:00,77.48,85.24,0.17
2025-01-21 18:00:00,75.27,84.98,0.19
2025-01-21 19:00:00,72.48,84.89,0.21
2025-01-21 20:00:00,70.21,84.64,0.21
2025-01-21 21:00:00,67.79,84.5,0.17
2025-01-21 22:00:00,65.77,84.63,0.18
2025-01-21 23:00:00,65.67,84.45,0.18
2025-01-22 00:00:00,64.92,84.47,0.21
2025-01-22 01:00:00,65.22,84.5,0.2
2025-01-22 02:00:00,66.46,84.59,0.16
2025-01-22 03:00:00,68.28,84.57,0.2
2025-01-22 04:00:00,69.73,84.74,0.2
2025-01-22 05:00:00,72.49,85.01,0.19
2025-01-22 06:00:00,74.32,84.84,0.18
2025-01-22 07:00:00,77.38,85.14,0.23
2025-01-22 08:00:00,80.67,85.24,0.22
2025-01-22 09:00:00,82.27,85.3,0.18
2025-01-22 10:00:00,83.58,85.5,0.21
2025-01-22 11:00:00,84.56,85.37,0.21
2025-01-22 12:00:00,84.54,85.41,0.2
2025-01-22 13:00:00,84.5,85.7,0.2
2025-01-22 14:00:00,83.83,85.35,0.23
2025-01-22 15:00:00,80.6,85.27,0.21
2025-01-22 16:00:00,80.2,85.36,0.17
2025-01-22 17:00:00,77.84,84.98,0.22
2025-01-22 18:00:00,75.17,85.0,0.22
2025-01-22 19:00:00,72.22,85.05,0.21
2025-01-22 20:00:00,70.03,84.62,0.22
2025-01-22 21:00:00,68.12,84.59,0.21
2025-01-22 22:00:00,66.27,84.59,0.21
2025-01-22 23:00:00,64.9,84.33,0.19
2025-01-23 00:00:00,64.57,84.32,0.19
2025-01-23 01:00:00,64.92,84.47,0.19
2025-01-23 02:00:00,66.55,84.56,0.2
2025-01-23 03:00:00,68.76,84.5,0.19
2025-01-23 04:00:00,69.51,84.7,0.15
2025-01-23 05:00:00,72.45,84.9,0.21
2025-01-23 06:00:00,74.79,84.92,0.25
2025-01-23 07:00:00,77.76,85.06,0.2
2025-01-23 08:00:00,79.7,85.23,0.17
2025-01-23 09:00:00,82.03,85.53,0.2
2025-01-23 10:00:00,83.62,85.51,0.23
2025-01-23 11:00:00,84.5,85.58,0.2
2025-01-23 12:00:00,83.97,85.46,0.16
2025-01-23 13:00:00,85.11,85.41,0.19
2025-01-23 14:00:00,83.67,85.53,0.23
2025-01-23 15:00:00,82.72,85.33,0.23
2025-01-23 16:00:00,80.26,85.21,0.19
2025-01-23 17:00:00,77.74,85.08,0.2
2025-01-23 18:00:00,75.1,85.05,0.2
2025-01-23 19:00:00,72.65,85.01,0.16
2025-01-23 20:00:00,69.63,84.81,0.22
2025-01-23 21:00:00,68.31,84.69,0.22
2025-01-23 22:00:00,66.84,84.51,0.21
2025-01-23 23:00:00,65.15,84.4,0.18
2025-01-24 00:00:00,64.52,84.57,0.18
2025-01-24 01:00:00,64.63,84.54,0.24
2025-01-24 02:00:00,67.37,84.65,0.16
2025-01-24 03:00:00,67.99,84.63,0.21
2025-01-24 04:00:00,69.48,84.75,0.18
2025-01-24 05:00:00,71.82,84.98,0.21
2025-01-24 06:00:00,74.85,84.93,0.16
2025-01-24 07:00:00,77.65,85.05,0.22
2025-01-24 08:00:00,80.9,85.27,0.24
2025-01-24 09:00:00,81.86,85.21,0.23
2025-01-24 10:00:00,84.12,85.58,0.21
2025-01-24 11:00:00,84.57,85.45,0.19
2025-01-24 12:00:00,84.07,85.28,0.19
2025-01-24 13:00:00,84.46,85.54,0.21
2025-01-24 14:00:00,84.42,85.68,0.18
2025-01-24 15:00:00,81.19,85.21,0.2
2025-01-24 16:00:00,79.65,85.33,0.2
2025-01-24 17:00:00,78.4,85.24,0.2
2025-01-24 18:00:00,74.86,84.99,0.2
2025-01-24 19:00:00,72.46,84.91,0.21
2025-01-24 20:00:00,70.18,84.65,0.21
2025-01-24 21:00:00,67.65,84.61,0.23
2025-01-24 22:00:00,66.34,84.61,0.18
2025-01-24 23:00:00,64.96,84.64,0.21
2025-01-25 00:00:00,65.36,84.65,0.21
2025-01-25 01:00:00,66.28,84.46,0.2
2025-01-25 02:00:00,66.06,84.7,0.18
2025-01-25 03:00:00,69.14,84.66,0.19
2025-01-25 04:00:00,70.46,84.74,0.23
2025-01-25 05:00:00,72.83,84.8,0.2
2025-01-25 06:00:00,75.18,85.06,0.22
2025-01-25 07:00:00,77.95,85.11,0.21
2025-01-25 08:00:00,79.89,85.28,0.22
2025-01-25 09:00:00,82.05,85.15,0.24
2025-01-25 10:00:00,84.11,85.31,0.2
2025-01-25 11:00:00,84.72,85.66,0.14
2025-01-25 12:00:00,85.1,85.49,0.14
2025-01-25 13:00:00,84.18,85.51,0.25
2025-01-25 14:00:00,83.61,85.42,0.21
2025-01-25 15:00:00,81.81,85.47,0.19
2025-01-25 16:00:00,80.42,85.31,0.2
2025-01-25 17:00:00,77.88,85.39,0.18
2025-01-25 18:00:00,75.1,85.12,0.21
2025-01-25 19:00:00,71.57,84.74,0.18
2025-01-25 20:00:00,69.68,84.71,0.17
2025-01-25 21:00:00,68.18,84.75,0.19
2025-01-25 22:00:00,66.6,84.66,0.21
2025-01-25 23:00:00,65.77,84.53,0.21
2025-01-26 00:00:00,65.4,84.55,0.2
2025-01-26 01:00:00,64.98,84.55,0.19
2025-01-26 02:00:00,67.33,84.84,0.22
2025-01-26 03:00:00,67.47,84.7,0.19
2025-01-26 04:00:00,69.72,84.73,0.22
2025-01-26 05:00:00,71.54,84.79,0.16
2025-01-26 06:00:00,74.6,84.91,0.22
2025-01-26 07:00:00,77.98,85.26,0.2
2025-01-26 08:00:00,79.85,85.18,0.21
2025-01-26 09:00:00,81.57,85.36,0.21
2025-01-26 10:00:00,84.01,85.6,0.2
2025-01-26 11:00:00,84.91,85.61,0.2
2025-01-26 12:00:00,85.17,85.39,0.18
2025-01-26 13:00:00,84.85,85.49,0.22
2025-01-26 14:00:00,83.63,85.37,0.21
2025-01-26 15:00:00,81.82,85.38,0.22
2025-01-26 16:00:00,79.48,85.31,0.15
2025-01-26 17:00:00,77.58,85.05,0.19
2025-01-26 18:00:00,75.19,85.08,0.16
2025-01-26 19:00:00,73.27,84.91,0.19
2025-01-26 20:00:00,69.56,84.78,0.2
2025-01-26 21:00:00,67.58,84.49,0.2
2025-01-26 22:00:00,66.43,84.5,0.16
2025-01-26 23:00:00,65.66,84.69,0.19
2025-01-27 00:00:00,65.29,84.32,0.21
2025-01-27 01:00:00,65.13,84.64,0.26
2025-01-27 02:00:00,66.74,84.64,0.18
2025-01-27 03:00:00,68.05,84.67,0.22
2025-01-27 04:00:00,70.58,84.9,0.14
2025-01-27 05:00:00,72.53,84.81,0.23
2025-01-27 06:00:00,74.4,85.05,0.19
2025-01-27 07:00:00,77.06,85.11,0.21
2025-01-27 08:00:00,80.14,85.3,0.18
2025-01-27 09:00:00,81.53,85.38,0.16
2025-01-27 10:00:00,83.66,85.42,0.23
2025-01-27 11:00:00,84.84,85.5,0.19
2025-01-27 12:00:00,84.43,85.32,0.2
2025-01-27 13:00:00,84.25,85.42,0.17
2025-01-27 14:00:00,84.21,85.32,0.17
2025-01-27 15:00:00,82.33,85.34,0.22
2025-01-27 16:00:00,79.98,85.38,0.21
2025-01-27 17:00:00,77.08,85.25,0.21
2025-01-27 18:00:00,74.51,84.92,0.2
2025-01-27 19:00:00,71.86,84.89,0.2
2025-01-27 20:00:00,69.67,84.84,0.18
2025-01-27 21:00:00,68.24,84.69,0.19
2025-01-27 22:00:00,66.62,84.47,0.2
2025-01-27 23:00:00,65.03,84.36,0.17
2025-01-28 00:00:00,64.99,84.43,0.19
2025-01-28 01:00:00,65.31,84.64,0.22
2025-01-28 02:00:00,66.81,84.58,0.23
2025-01-28 03:00:00,67.55,84.65,0.23
2025-01-28 04:00:00,70.12,84.72,0.22
2025-01-28 05:00:00,72.07,84.81,0.18
2025-01-28 06:00:00,74.63,84.94,0.18
2025-01-28 07:00:00,77.66,85.05,0.15
2025-01-28 08:00:00,79.78,85.22,0.19
2025-01-28 09:00:00,81.35,85.3,0.19
2025-01-28 10:00:00,83.25,85.41,0.24
2025-01-28 11:00:00,85.8,85.43,0.21
2025-01-28 12:00:00,84.87,85.61,0.2
2025-01-28 13:00:00,85.4,85.49,0.22
2025-01-28 14:00:00,82.88,85.38,0.18
2025-01-28 15:00:00,82.14,85.42,0.18
2025-01-28 16:00:00,80.35,85.16,0.2
2025-01-28 17:00:00,77.89,85.16,0.23
2025-01-28 18:00:00,73.7,85.05,0.21
2025-01-28 19:00:00,72.39,84.8,0.18
2025-01-28 20:00:00,70.91,84.82,0.19
2025-01-28 21:00:00,68.43,84.69,0.21
2025-01-28 22:00:00,66.96,84.52,0.21
2025-01-28 23:00:00,65.36,84.55,0.21
2025-01-29 00:00:00,64.78,84.63,0.18
2025-01-29 01:00:00,65.31,84.52,0.21
2025-01-29 02:00:00,67.49,84.69,0.25
2025-01-29 03:00:00,68.04,84.58,0.2
2025-01-29 04:00:00,69.7,84.72,0.19
2025-01-29 05:00:00,72.76,85.02,0.2
2025-01-29 06:00:00,75.38,85.02,0.25
2025-01-29 07:00:00,77.18,84.91,0.17
2025-01-29 08:00:00,79.78,85.24,0.2
2025-01-29 09:00:00,82.51,85.39,0.19
2025-01-29 10:00:00,84.17,85.53,0.22
2025-01-29 11:00:00,84.89,85.54,0.21
2025-01-29 12:00:00,85.18,85.63,0.21
2025-01-29 13:00:00,85.02,85.36,0.18
2025-01-29 14:00:00,84.25,85.35,0.22
2025-01-29 15:00:00,82.8,85.6,0.19
2025-01-29 16:00:00,79.07,85.21,0.2
2025-01-29 17:00:00,77.75,85.08,0.2
2025-01-29 18:00:00,75.28,85.1,0.2
2025-01-29 19:00:00,72.29,84.91,0.2
2025-01-29 20:00:00,69.15,84.61,0.23
2025-01-29 21:00:00,68.04,84.74,0.19
2025-01-29 22:00:00,66.27,84.62,0.21
2025-01-29 23:00:00,65.21,84.46,0.21
2025-01-30 00:00:00,63.76,84.37,0.18
2025-01-30 01:00:00,65.88,84.62,0.21
2025-01-30 02:00:00,65.23,84.46,0.19
2025-01-30 03:00:00,68.03,84.62,0.21
2025-01-30 04:00:00,70.06,84.82,0.19
2025-01-30 05:00:00,72.46,85.01,0.19
2025-01-30 06:00:00,74.49,85.1,0.18
2025-01-30 07:00:00,78.12,85.11,0.21
2025-01-30 08:00:00,80.48,85.05,0.2
2025-01-30 09:00:00,81.59,85.31,0.2
2025-01-30 10:00:00,83.5,85.37,0.2
2025-01-30 11:00:00,84.6,85.46,0.2
2025-01-30 12:00:00,84.08,85.32,0.19
2025-01-30 13:00:00,84.88,85.56,0.17
2025-01-30 14:00:00,83.17,85.49,0.18
2025-01-30 15:00:00,82.08,85.5,0.17
2025-01-30 16:00:00,80.55,85.28,0.23
2025-01-30 17:00:00,77.87,85.3,0.19
2025-01-30 18:00:00,74.32,84.96,0.22
2025-01-30 19:00:00,72.47,84.72,0.22
2025-01-30 20:00:00,69.0,84.74,0.21
2025-01-30 21:00:00,67.19,84.69,0.17
2025-01-30 22:00:00,66.68,84.56,0.22
2025-01-30 23:00:00,65.59,84.44,0.2
2025-01-31 00:00:00,64.94,84.38,0.2
2025-01-31 01:00:00,65.95,84.58,0.2
2025-01-31 02:00:00,66.91,84.45,0.21
2025-01-31 03:00:00,67.56,84.52,0.19
2025-01-31 04:00:00,70.62,84.73,0.21
2025-01-31 05:00:00,71.44,84.9,0.21
2025-01-31 06:00:00,74.8,85.04,0.21
2025-01-31 07:00:00,78.04,85.2,0.19
2025-01-31 08:00:00,80.43,85.25,0.18
2025-01-31 09:00:00,81.94,85.48,0.19
2025-01-31 10:00:00,83.03,85.34,0.2
2025-01-31 11:00:00,84.78,85.47,0.22
2025-01-31 12:00:00,85.03,85.38,0.19
2025-01-31 13:00:00,84.63,85.39,0.19
2025-01-31 14:00:00,84.4,85.33,0.19
2025-01-31 15:00:00,80.94,85.33,0.2
2025-01-31 16:00:00,79.64,85.23,0.22
2025-01-31 17:00:00,77.97,85.1,0.18
2025-01-31 18:00:00,75.07,85.01,0.19
2025-01-31 19:00:00,72.24,84.79,0.18
2025-01-31 20:00:00,68.77,84.66,0.19
2025-01-31 21:00:00,67.98,84.82,0.18
2025-01-31 22:00:00,66.83,84.74,0.19
2025-01-31 23:00:00,65.1,84.56,0.22
2025-02-01 00:00:00,65.8,84.48,0.23
2025-02-01 01:00:00,65.64,84.49,0.21
2025-02-01 02:00:00,65.84,84.71,0.19
2025-02-01 03:00:00,68.13,84.66,0.17
2025-02-01 04:00:00,70.45,84.78,0.19
2025-02-01 05:00:00,73.14,84.95,0.23
2025-02-01 06:00:00,75.42,85.07,0.22
2025-02-01 07:00:00,77.74,85.36,0.2
2025-02-01 08:00:00,79.32,85.32,0.17
2025-02-01 09:00:00,83.54,85.49,0.19
2025-02-01 10:00:00,82.8,85.27,0.2
2025-02-01 11:00:00,85.26,85.49,0.21
2025-02-01 12:00:00,83.8,85.49,0.19
2025-02-01 13:00:00,85.3,85.36,0.18
2025-02-01 14:00:00,83.32,85.35,0.19
2025-02-01 15:00:00,81.92,85.4,0.21
2025-02-01 16:00:00,79.69,85.13,0.21
2025-02-01 17:00:00,77.5,85.25,0.19
2025-02-01 18:00:00,74.41,84.96,0.2
2025-02-01 19:00:00,72.6,84.8,0.2
2025-02-01 20:00:00,70.36,84.78,0.16
2025-02-01 21:00:00,67.56,84.66,0.22
2025-02-01 22:00:00,67.07,84.68,0.19
2025-02-01 23:00:00,65.68,84.65,0.19
2025-02-02 00:00:00,65.09,84.7,0.22
2025-02-02 01:00:00,64.74,84.38,0.2
2025-02-02 02:00:00,66.43,84.6,0.22
2025-02-02 03:00:00,67.72,84.7,0.19
2025-02-02 04:00:00,69.46,84.71,0.18
2025-02-02 05:00:00,71.67,84.87,0.19
2025-02-02 06:00:00,74.86,85.07,0.17
2025-02-02 07:00:00,77.75,85.13,0.2
2025-02-02 08:00:00,80.83,85.28,0.21
2025-02-02 09:00:00,82.17,85.29,0.19
2025-02-02 10:00:00,84.02,85.38,0.2
2025-02-02 11:00:00,85.83,85.74,0.21
2025-02-02 12:00:00,85.11,85.37,0.2
2025-02-02 13:00:00,84.56,85.53,0.18
2025-02-02 14:00:00,83.04,85.3,0.22
2025-02-02 15:00:00,81.74,85.57,0.16
2025-02-02 16:00:00,80.4,85.08,0.2
2025-02-02 17:00:00,77.45,85.26,0.2
2025-02-02 18:00:00,74.48,85.12,0.18
2025-02-02 19:00:00,72.58,84.85,0.17
2025-02-02 20:00:00,70.47,84.71,0.21
2025-02-02 21:00:00,68.0,84.55,0.19
2025-02-02 22:00:00,65.99,84.53,0.16
2025-02-02 23:00:00,64.93,84.54,0.19
2025-02-03 00:00:00,64.81,84.71,0.19
2025-02-03 01:00:00,64.76,84.56,0.17
2025-02-03 02:00:00,67.23,84.55,0.22
2025-02-03 03:00:00,67.91,84.55,0.23
2025-02-03 04:00:00,69.23,84.64,0.19
2025-02-03 05:00:00,72.73,84.86,0.21
2025-02-03 06:00:00,75.28,84.96,0.22
2025-02-03 07:00:00,77.75,85.19,0.22
2025-02-03 08:00:00,81.05,85.44,0.22
2025-02-03 09:00:00,81.69,85.25,0.2
2025-02-03 10:00:00,83.65,85.4,0.19
2025-02-03 11:00:00,85.02,85.44,0.18
2025-02-03 12:00:00,84.76,85.6,0.21
2025-02-03 13:00:00,84.42,85.46,0.16
2025-02-03 14:00:00,83.72,85.59,0.22
2025-02-03 15:00:00,81.87,85.31,0.21
2025-02-03 16:00:00,80.16,85.25,0.17
2025-02-03 17:00:00,77.12,85.26,0.2
2025-02-03 18:00:00,75.14,84.97,0.19
2025-02-03 19:00:00,72.9,84.88,0.21
2025-02-03 20:00:00,70.62,84.68,0.19
2025-02-03 21:00:00,67.54,84.64,0.19
2025-02-03 22:00:00,66.63,84.48,0.16
2025-02-03 23:00:00,64.96,84.6,0.17
2025-02-04 00:00:00,65.21,84.63,0.16
2025-02-04 01:00:00,65.42,84.52,0.23
2025-02-04 02:00:00,66.0,84.71,0.2
2025-02-04 03:00:00,68.33,84.74,0.21
2025-02-04 04:00:00,70.01,84.88,0.21
2025-02-04 05:00:00,73.2,85.15,0.21
2025-02-04 06:00:00,75.47,85.03,0.24
2025-02-04 07:00:00,78.02,85.11,0.18
2025-02-04 08:00:00,80.31,85.22,0.22
2025-02-04 09:00:00,82.02,85.33,0.2
2025-02-04 10:00:00,82.75,85.35,0.22
2025-02-04 11:00:00,84.32,85.42,0.22
2025-02-04 12:00:00,85.53,85.5,0.18
2025-02-04 13:00:00,84.58,85.5,0.22
2025-02-04 14:00:00,83.04,85.37,0.22
2025-02-04 15:00:00,81.57,85.38,0.2
2025-02-04 16:00:00,79.79,85.25,0.22
2025-02-04 17:00:00,77.01,85.18,0.26
2025-02-04 18:00:00,75.66,84.96,0.21
2025-02-04 19:00:00,72.12,84.86,0.2
2025-02-04 20:00:00,69.6,84.76,0.2
2025-02-04 21:00:00,66.78,84.64,0.18
2025-02-04 22:00:00,66.01,84.6,0.23
2025-02-04 23:00:00,65.36,84.64,0.22
2025-02-05 00:00:00,65.41,84.47,0.19
2025-02-05 01:00:00,64.91,84.36,0.16
2025-02-05 02:00:00,66.05,84.53,0.19
2025-02-05 03:00:00,67.78,84.72,0.21
2025-02-05 04:00:00,70.37,84.62,0.22
2025-02-05 05:00:00,71.73,84.88,0.21
2025-02-05 06:00:00,75.64,85.02,0.19
2025-02-05 07:00:00,76.98,85.07,0.22
2025-02-05 08:00:00,80.0,85.26,0.21
2025-02-05 09:00:00,82.49,85.4,0.16
2025-02-05 10:00:00,83.43,85.39,0.21
2025-02-05 11:00:00,84.93,85.59,0.17
2025-02-05 12:00:00,84.73,85.37,0.2
2025-02-05 13:00:00,83.86,85.4,0.21
2025-02-05 14:00:00,83.68,85.05,0.26
2025-02-05 15:00:00,82.06,85.38,0.21
2025-02-05 16:00:00,79.95,85.17,0.22
2025-02-05 17:00:00,78.37,85.18,0.2
2025-02-05 18:00:00,74.9,84.91,0.2
2025-02-05 19:00:00,72.44,84.79,0.2
2025-02-05 20:00:00,69.6,84.78,0.22
2025-02-05 21:00:00,68.02,84.71,0.2
2025-02-05 22:00:00,65.83,84.48,0.19
2025-02-05 23:00:00,64.57,84.47,0.22
2025-02-06 00:00:00,65.52,84.55,0.21
2025-02-06 01:00:00,64.89,84.36,0.19
2025-02-06 02:00:00,64.96,84.68,0.21
2025-02-06 03:00:00,67.78,84.72,0.21
2025-02-06 04:00:00,68.96,84.54,0.19
2025-02-06 05:00:00,72.36,84.65,0.2
2025-02-06 06:00:00,74.46,84.96,0.2
2025-02-06 07:00:00,77.44,85.06,0.2
2025-02-06 08:00:00,79.69,85.36,0.19
2025-02-06 09:00:00,82.13,85.32,0.21
2025-02-06 10:00:00,83.91,85.35,0.19
2025-02-06 11:00:00,84.67,85.6,0.18
2025-02-06 12:00:00,85.67,85.62,0.21
2025-02-06 13:00:00,84.52,85.5,0.22
2025-02-06 14:00:00,83.71,85.44,0.22
2025-02-06 15:00:00,82.64,85.42,0.21
2025-02-06 16:00:00,80.37,85.22,0.2
2025-02-06 17:00:00,77.33,85.17,0.22
2025-02-06 18:00:00,74.55,84.95,0.2
2025-02-06 19:00:00,72.97,84.95,0.19
2025-02-06 20:00:00,69.26,84.82,0.22
2025-02-06 21:00:00,67.88,84.63,0.17
2025-02-06 22:00:00,65.95,84.68,0.22
2025-02-06 23:00:00,65.26,84.62,0.22
2025-02-07 00:00:00,65.03,84.52,0.23
2025-02-07 01:00:00,64.69,84.42,0.2
2025-02-07 02:00:00,66.07,84.48,0.16
2025-02-07 03:00:00,67.73,84.59,0.21
2025-02-07 04:00:00,70.28,84.73,0.23
2025-02-07 05:00:00,71.92,84.92,0.22
2025-02-07 06:00:00,74.69,85.0,0.21
2025-02-07 07:00:00,78.14,85.03,0.19
2025-02-07 08:00:00,79.88,85.25,0.19
2025-02-07 09:00:00,82.65,85.44,0.21
2025-02-07 10:00:00,83.77,85.33,0.18
2025-02-07 11:00:00,84.96,85.49,0.21
2025-02-07 12:00:00,85.21,85.38,0.2
2025-02-07 13:00:00,85.68,85.43,0.17
2025-02-07 14:00:00,84.22,85.46,0.23
2025-02-07 15:00:00,81.79,85.34,0.18
2025-02-07 16:00:00,80.04,85.13,0.24
2025-02-07 17:00:00,77.62,85.12,0.2
2025-02-07 18:00:00,75.45,84.85,0.2
2025-02-07 19:00:00,72.91,84.88,0.21
2025-02-07 20:00:00,70.48,84.68,0.19
2025-02-07 21:00:00,67.44,84.82,0.16
2025-02-07 22:00:00,65.49,84.36,0.16
2025-02-07 23:00:00,65.6,84.48,0.23
2025-02-08 00:00:00,65.06,84.53,0.2
2025-02-08 01:00:00,65.42,84.67,0.17
2025-02-08 02:00:00,66.78,84.65,0.17
2025-02-08 03:00:00,67.61,84.68,0.22
2025-02-08 04:00:00,69.45,84.55,0.21
2025-02-08 05:00:00,72.57,84.86,0.22
2025-02-08 06:00:00,74.12,84.87,0.18
2025-02-08 07:00:00,77.36,85.05,0.21
2025-02-08 08:00:00,79.87,85.28,0.21
2025-02-08 09:00:00,82.11,85.44,0.23
2025-02-08 10:00:00,83.97,85.42,0.21
2025-02-08 11:00:00,84.45,85.54,0.21
2025-02-08 12:00:00,85.03,85.39,0.17
2025-02-08 13:00:00,85.13,85.36,0.2
2025-02-08 14:00:00,84.31,85.53,0.22
2025-02-08 15:00:00,82.29,85.49,0.19
2025-02-08 16:00:00,79.93,85.0,0.2
2025-02-08 17:00:00,78.22,85.13,0.22
2025-02-08 18:00:00,75.73,85.11,0.2
2025-02-08 19:00:00,72.28,84.87,0.2
2025-02-08 20:00:00,69.86,84.82,0.2
2025-02-08 21:00:00,68.02,84.67,0.21
2025-02-08 22:00:00,66.39,84.54,0.17
2025-02-08 23:00:00,64.95,84.41,0.19
2025-02-09 00:00:00,65.03,84.38,0.17
2025-02-09 01:00:00,65.3,84.45,0.22
2025-02-09 02:00:00,66.35,84.54,0.17
2025-02-09 03:00:00,68.53,84.73,0.19
2025-02-09 04:00:00,69.6,84.76,0.21
2025-02-09 05:00:00,71.79,84.78,0.17
2025-02-09 06:00:00,74.56,84.88,0.2
2025-02-09 07:00:00,78.39,85.02,0.23
2025-02-09 08:00:00,80.31,85.27,0.19
2025-02-09 09:00:00,82.6,85.17,0.2
2025-02-09 10:00:00,83.62,85.44,0.2
2025-02-09 11:00:00,85.01,85.42,0.23
2025-02-09 12:00:00,86.06,85.48,0.21
2025-02-09 13:00:00,84.08,85.45,0.19
2025-02-09 14:00:00,83.84,85.24,0.18
2025-02-09 15:00:00,82.28,85.39,0.23
2025-02-09 16:00:00,81.03,85.21,0.19
2025-02-09 17:00:00,77.45,84.99,0.19
2025-02-09 18:00:00,75.1,84.94,0.21
2025-02-09 19:00:00,72.67,85.07,0.18
2025-02-09 20:00:00,70.82,84.8,0.22
2025-02-09 21:00:00,68.54,84.75,0.2
2025-02-09 22:00:00,66.32,84.44,0.18
2025-02-09 23:00:00,66.24,84.57,0.2
2025-02-10 00:00:00,65.0,84.41,0.2
2025-02-10 01:00:00,64.91,84.35,0.2
2025-02-10 02:00:00,66.49,84.58,0.18
2025-02-10 03:00:00,67.57,84.73,0.21
2025-02-10 04:00:00,69.44,84.73,0.19
2025-02-10 05:00:00,72.6,84.87,0.18
2025-02-10 06:00:00,74.7,85.02,0.21
2025-02-10 07:00:00,77.49,85.31,0.21
2025-02-10 08:00:00,80.77,85.34,0.19
2025-02-10 09:00:00,82.16,85.44,0.21
2025-02-10 10:00:00,82.69,85.4,0.2
2025-02-10 11:00:00,85.74,85.55,0.18
2025-02-10 12:00:00,84.61,85.44,0.22
2025-02-10 13:00:00,84.53,85.48,0.2
2025-02-10 14:00:00,83.61,85.77,0.17
2025-02-10 15:00:00,81.22,85.29,0.2
2025-02-10 16:00:00,79.74,85.16,0.18
2025-02-10 17:00:00,77.6,85.27,0.2
2025-02-10 18:00:00,74.84,84.89,0.17
2025-02-10 19:00:00,73.53,84.99,0.18
2025-02-10 20:00:00,70.72,84.54,0.23
2025-02-10 21:00:00,67.83,84.63,0.21
2025-02-10 22:00:00,65.59,84.54,0.2
2025-02-10 23:00:00,64.76,84.62,0.2
2025-02-11 00:00:00,65.16,84.47,0.18
2025-02-11 01:00:00,66.23,84.66,0.22
2025-02-11 02:00:00,66.46,84.43,0.18
2025-02-11 03:00:00,67.92,84.56,0.21
2025-02-11 04:00:00,70.16,84.62,0.14
2025-02-11 05:00:00,72.17,84.76,0.19
2025-02-11 06:00:00,74.45,84.97,0.19
2025-02-11 07:00:00,77.77,85.11,0.21
2025-02-11 08:00:00,80.3,85.33,0.2
2025-02-11 09:00:00,82.86,85.21,0.19
2025-02-11 10:00:00,83.13,85.38,0.22
2025-02-11 11:00:00,84.37,85.43,0.21
2025-02-11 12:00:00,85.95,85.52,0.23
2025-02-11 13:00:00,84.96,85.48,0.16
2025-02-11 14:00:00,84.26,85.56,0.23
2025-02-11 15:00:00,81.92,85.21,0.18
2025-02-11 16:00:00,79.04,85.16,0.21
2025-02-11 17:00:00,78.15,85.04,0.17
2025-02-11 18:00:00,74.59,85.0,0.19
2025-02-11 19:00:00,72.32,84.83,0.17
2025-02-11 20:00:00,70.6,84.56,0.23
2025-02-11 21:00:00,68.55,84.8,0.22
2025-02-11 22:00:00,66.18,84.61,0.2
2025-02-11 23:00:00,65.68,84.65,0.2
2025-02-12 00:00:00,64.25,84.51,0.18
2025-02-12 01:00:00,65.66,84.51,0.19
2025-02-12 02:00:00,66.48,84.49,0.16
2025-02-12 03:00:00,68.4,84.67,0.19
2025-02-12 04:00:00,69.25,84.61,0.19
2025-02-12 05:00:00,72.65,84.87,0.22
2025-02-12 06:00:00,75.29,84.91,0.17
2025-02-12 07:00:00,77.31,84.89,0.16
2025-02-12 08:00:00,80.25,85.28,0.19
2025-02-12 09:00:00,81.78,85.25,0.22
2025-02-12 10:00:00,83.27,85.37,0.17
2025-02-12 11:00:00,84.53,85.77,0.2
2025-02-12 12:00:00,84.47,85.45,0.17
2025-02-12 13:00:00,85.2,85.5,0.23
2025-02-12 14:00:00,83.92,85.44,0.18
2025-02-12 15:00:00,82.04,85.21,0.22
2025-02-12 16:00:00,79.92,85.26,0.21
2025-02-12 17:00:00,77.53,84.99,0.25
2025-02-12 18:00:00,76.25,85.22,0.19
2025-02-12 19:00:00,72.0,84.83,0.17
2025-02-12 20:00:00,68.39,84.7,0.27
2025-02-12 21:00:00,68.38,84.65,0.19
2025-02-12 22:00:00,66.55,84.74,0.24
2025-02-12 23:00:00,64.55,84.4,0.23
2025-02-13 00:00:00,64.93,84.36,0.19
2025-02-13 01:00:00,65.08,84.81,0.22
2025-02-13 02:00:00,65.67,84.48,0.2
2025-02-13 03:00:00,67.77,84.71,0.2
2025-02-13 04:00:00,70.13,84.58,0.19
2025-02-13 05:00:00,71.89,84.93,0.2
2025-02-13 06:00:00,75.27,84.9,0.19
2025-02-13 07:00:00,78.8,85.12,0.18
2025-02-13 08:00:00,79.64,85.37,0.24
2025-02-13 09:00:00,81.31,85.38,0.2
2025-02-13 10:00:00,82.99,85.31,0.25
2025-02-13 11:00:00,85.1,85.67,0.19
2025-02-13 12:00:00,84.59,85.39,0.2
2025-02-13 13:00:00,84.32,85.44,0.23
2025-02-13 14:00:00,83.97,85.39,0.15
2025-02-13 15:00:00,82.28,85.4,0.18
2025-02-13 16:00:00,80.27,85.18,0.22
2025-02-13 17:00:00,77.74,85.18,0.2
2025-02-13 18:00:00,74.66,85.04,0.22
2025-02-13 19:00:00,72.13,84.72,0.21
2025-02-13 20:00:00,69.97,84.69,0.21
2025-02-13 21:00:00,67.33,84.62,0.18
2025-02-13 22:00:00,66.41,84.51,0.15
2025-02-13 23:00:00,65.2,84.52,0.23
2025-02-14 00:00:00,64.76,84.37,0.2
2025-02-14 01:00:00,65.19,84.59,0.17
2025-02-14 02:00:00,66.65,84.53,0.21
2025-02-14 03:00:00,67.48,84.59,0.24
2025-02-14 04:00:00,69.38,84.57,0.19
2025-02-14 05:00:00,72.13,84.75,0.18
2025-02-14 06:00:00,75.49,85.03,0.19
2025-02-14 07:00:00,77.42,85.22,0.19
2025-02-14 08:00:00,79.35,85.19,0.21
2025-02-14 09:00:00,82.34,85.3,0.16
2025-02-14 10:00:00,84.73,85.53,0.22
2025-02-14 11:00:00,84.77,85.52,0.21
2025-02-14 12:00:00,84.32,85.81,0.2
2025-02-14 13:00:00,84.64,85.41,0.2
2025-02-14 14:00:00,83.9,85.55,0.18
2025-02-14 15:00:00,81.82,85.37,0.21
2025-02-14 16:00:00,79.45,85.31,0.15
2025-02-14 17:00:00,76.89,85.02,0.22
2025-02-14 18:00:00,75.38,85.11,0.19
2025-02-14 19:00:00,72.95,84.88,0.17
2025-02-14 20:00:00,69.98,84.88,0.22
2025-02-14 21:00:00,68.26,84.62,0.23
2025-02-14 22:00:00,66.89,84.45,0.17
2025-02-14 23:00:00,65.26,84.64,0.19
2025-02-15 00:00:00,64.98,84.48,0.21
2025-02-15 01:00:00,65.96,84.53,0.19
2025-02-15 02:00:00,66.83,84.57,0.2
2025-02-15 03:00:00,68.01,84.45,0.22
2025-02-15 04:00:00,70.72,84.93,0.16
2025-02-15 05:00:00,73.16,84.74,0.19
2025-02-15 06:00:00,73.82,84.93,0.21
2025-02-15 07:00:00,77.56,85.04,0.19
2025-02-15 08:00:00,80.05,85.21,0.23
2025-02-15 09:00:00,81.88,85.45,0.22
2025-02-15 10:00:00,84.07,85.35,0.18
2025-02-15 11:00:00,84.74,85.52,0.19
2025-02-15 12:00:00,84.93,85.54,0.18
2025-02-15 13:00:00,84.63,85.46,0.17
2025-02-15 14:00:00,84.08,85.54,0.2
2025-02-15 15:00:00,82.35,85.47,0.21
2025-02-15 16:00:00,79.42,85.19,0.2
2025-02-15 17:00:00,76.97,85.28,0.17
2025-02-15 18:00:00,75.59,84.85,0.21
2025-02-15 19:00:00,72.65,84.95,0.21
2025-02-15 20:00:00,69.75,84.66,0.19
2025-02-15 21:00:00,68.2,84.7,0.18
2025-02-15 22:00:00,66.59,84.61,0.22
2025-02-15 23:00:00,65.66,84.54,0.19
2025-02-16 00:00:00,65.44,84.43,0.2
2025-02-16 01:00:00,65.34,84.45,0.2
2025-02-16 02:00:00,66.45,84.66,0.21
2025-02-16 03:00:00,68.15,84.72,0.18
2025-02-16 04:00:00,69.96,84.7,0.18
2025-02-16 05:00:00,72.94,84.66,0.21
2025-02-16 06:00:00,75.02,84.97,0.23
2025-02-16 07:00:00,77.56,85.01,0.13
2025-02-16 08:00:00,80.36,85.1,0.2
2025-02-16 09:00:00,82.16,85.37,0.2
2025-02-16 10:00:00,84.04,85.48,0.21
2025-02-16 11:00:00,84.25,85.47,0.19
2025-02-16 12:00:00,85.34,85.58,0.2
2025-02-16 13:00:00,84.41,85.55,0.19
2025-02-16 14:00:00,83.14,85.44,0.2
2025-02-16 15:00:00,82.13,85.41,0.17
2025-02-16 16:00:00,79.63,85.16,0.19
2025-02-16 17:00:00,77.41,85.12,0.2
2025-02-16 18:00:00,75.62,85.12,0.16
2025-02-16 19:00:00,72.27,84.84,0.2
2025-02-16 20:00:00,69.43,84.71,0.22
2025-02-16 21:00:00,67.76,84.76,0.21
2025-02-16 22:00:00,67.16,84.54,0.19
2025-02-16 23:00:00,65.61,84.61,0.21
2025-02-17 00:00:00,65.48,84.62,0.2
2025-02-17 01:00:00,65.18,84.5,0.16
2025-02-17 02:00:00,66.2,84.7,0.21
2025-02-17 03:00:00,68.27,84.7,0.17
2025-02-17 04:00:00,70.02,84.84,0.21
2025-02-17 05:00:00,72.35,84.85,0.21
2025-02-17 06:00:00,75.8,85.02,0.2
2025-02-17 07:00:00,77.31,85.02,0.18
2025-02-17 08:00:00,78.81,85.24,0.17
2025-02-17 09:00:00,80.97,85.09,0.21
2025-02-17 10:00:00,83.63,85.32,0.18
2025-02-17 11:00:00,84.63,85.5,0.21
2025-02-17 12:00:00,85.3,85.51,0.23
2025-02-17 13:00:00,84.47,85.56,0.23
2025-02-17 14:00:00,83.23,85.51,0.21
2025-02-17 15:00:00,81.82,85.29,0.23
2025-02-17 16:00:00,79.71,85.32,0.21
2025-02-17 17:00:00,77.37,84.96,0.19
2025-02-17 18:00:00,74.44,85.03,0.17
2025-02-17 19:00:00,71.94,84.92,0.2
2025-02-17 20:00:00,69.8,84.67,0.22
2025-02-17 21:00:00,67.26,84.68,0.21
2025-02-17 22:00:00,66.36,84.6,0.16
2025-02-17 23:00:00,64.1,84.48,0.21
2025-02-18 00:00:00,65.1,84.39,0.21
2025-02-18 01:00:00,64.74,84.57,0.18
2025-02-18 02:00:00,65.95,84.45,0.21
2025-02-18 03:00:00,67.6,84.72,0.2
2025-02-18 04:00:00,69.6,84.72,0.25
2025-02-18 05:00:00,73.04,84.88,0.2
2025-02-18 06:00:00,75.23,85.04,0.23
2025-02-18 07:00:00,77.94,85.12,0.21
2025-02-18 08:00:00,79.85,85.15,0.17
2025-02-18 09:00:00,81.35,85.19,0.16
2025-02-18 10:00:00,83.57,85.48,0.2
2025-02-18 11:00:00,83.55,85.41,0.23
2025-02-18 12:00:00,84.57,85.51,0.25
2025-02-18 13:00:00,84.63,85.63,0.22
2025-02-18 14:00:00,83.41,85.44,0.19
2025-02-18 15:00:00,82.3,85.32,0.2
2025-02-18 16:00:00,80.02,85.25,0.24
2025-02-18 17:00:00,77.64,85.34,0.21
2025-02-18 18:00:00,73.9,84.73,0.21
2025-02-18 19:00:00,71.42,84.95,0.22
2025-02-18 20:00:00,69.46,84.61,0.16
2025-02-18 21:00:00,68.91,84.65,0.24
2025-02-18 22:00:00,66.37,84.66,0.16
2025-02-18 23:00:00,65.6,84.7,0.21
2025-02-19 00:00:00,64.81,84.51,0.23
2025-02-19 01:00:00,64.66,84.5,0.17
2025-02-19 02:00:00,66.4,84.59,0.2
2025-02-19 03:00:00,68.71,84.72,0.22
2025-02-19 04:00:00,69.98,84.96,0.2
2025-02-19 05:00:00,72.23,84.83,0.2
2025-02-19 06:00:00,74.74,84.95,0.2
2025-02-19 07:00:00,78.37,85.0,0.2
2025-02-19 08:00:00,80.7,85.17,0.21
2025-02-19 09:00:00,82.83,85.35,0.22
2025-02-19 10:00:00,83.8,85.31,0.21
2025-02-19 11:00:00,84.42,85.23,0.18
2025-02-19 12:00:00,85.27,85.39,0.2
2025-02-19 13:00:00,84.15,85.45,0.15
2025-02-19 14:00:00,83.09,85.6,0.21
2025-02-19 15:00:00,80.99,85.38,0.2
2025-02-19 16:00:00,79.24,85.09,0.22
2025-02-19 17:00:00,77.38,85.12,0.16
2025-02-19 18:00:00,74.79,84.9,0.21
2025-02-19 19:00:00,72.34,84.79,0.23
2025-02-19 20:00:00,70.76,84.9,0.2
2025-02-19 21:00:00,68.82,84.58,0.19
2025-02-19 22:00:00,66.67,84.66,0.19
2025-02-19 23:00:00,66.8,84.55,0.21
2025-02-20 00:00:00,63.73,84.46,0.22
2025-02-20 01:00:00,64.89,84.66,0.16
2025-02-20 02:00:00,66.12,84.76,0.19
2025-02-20 03:00:00,67.77,84.57,0.18
2025-02-20 04:00:00,70.85,84.97,0.2
2025-02-20 05:00:00,72.69,85.0,0.2
2025-02-20 06:00:00,74.94,85.08,0.21
2025-02-20 07:00:00,76.89,84.96,0.2
2025-02-20 08:00:00,79.23,85.31,0.21
2025-02-20 09:00:00,81.43,85.3,0.24
2025-02-20 10:00:00,82.45,85.14,0.2
2025-02-20 11:00:00,84.31,85.4,0.2
2025-02-20 12:00:00,84.27,85.46,0.15
2025-02-20 13:00:00,84.56,85.45,0.17
2025-02-20 14:00:00,82.7,85.44,0.2
2025-02-20 15:00:00,81.15,85.32,0.18
2025-02-20 16:00:00,80.14,85.34,0.2
2025-02-20 17:00:00,78.51,85.19,0.22
2025-02-20 18:00:00,75.27,85.16,0.21
2025-02-20 19:00:00,72.5,84.84,0.19
2025-02-20 20:00:00,69.78,84.76,0.19
2025-02-20 21:00:00,68.57,84.67,0.19
2025-02-20 22:00:00,66.25,84.53,0.23
2025-02-20 23:00:00,65.0,84.41,0.2
2025-02-21 00:00:00,65.46,84.64,0.21
2025-02-21 01:00:00,66.09,84.43,0.23
2025-02-21 02:00:00,65.83,84.43,0.19
2025-02-21 03:00:00,68.44,84.42,0.16
2025-02-21 04:00:00,70.82,84.66,0.21
2025-02-21 05:00:00,72.04,84.75,0.19
2025-02-21 06:00:00,74.7,84.81,0.2
2025-02-21 07:00:00,77.07,85.01,0.2
2025-02-21 08:00:00,79.97,85.27,0.22
2025-02-21 09:00:00,81.72,85.32,0.22
2025-02-21 10:00:00,83.08,85.64,0.21
2025-02-21 11:00:00,84.75,85.56,0.23
2025-02-21 12:00:00,84.64,85.48,0.18
2025-02-21 13:00:00,84.8,85.52,0.19
2025-02-21 14:00:00,83.38,85.43,0.21
2025-02-21 15:00:00,82.8,85.4,0.17
2025-02-21 16:00:00,79.91,85.4,0.18
2025-02-21 17:00:00,77.27,84.91,0.23
2025-02-21 18:00:00,74.95,85.01,0.24
2025-02-21 19:00:00,72.93,84.86,0.17
2025-02-21 20:00:00,70.78,84.78,0.18
2025-02-21 21:00:00,67.7,84.61,0.19
2025-02-21 22:00:00,66.46,84.48,0.18
2025-02-21 23:00:00,65.3,84.79,0.21
2025-02-22 00:00:00,65.61,84.5,0.22
2025-02-22 01:00:00,66.17,84.53,0.19
2025-02-22 02:00:00,66.09,84.58,0.22
2025-02-22 03:00:00,68.06,84.64,0.2
2025-02-22 04:00:00,69.71,84.77,0.24
2025-02-22 05:00:00,72.37,84.79,0.22
2025-02-22 06:00:00,75.44,85.03,0.17
2025-02-22 07:00:00,77.95,85.27,0.24
2025-02-22 08:00:00,79.98,85.3,0.22
2025-02-22 09:00:00,81.49,85.33,0.2
2025-02-22 10:00:00,84.06,85.6,0.16
2025-02-22 11:00:00,84.7,85.59,0.2
2025-02-22 12:00:00,85.23,85.39,0.17
2025-02-22 13:00:00,84.84,85.49,0.21
2025-02-22 14:00:00,83.65,85.43,0.18
2025-02-22 15:00:00,82.98,85.38,0.15
2025-02-22 16:00:00,79.54,85.36,0.18
2025-02-22 17:00:00,77.59,85.18,0.18
2025-02-22 18:00:00,75.06,85.12,0.19
2025-02-22 19:00:00,72.59,84.93,0.21
2025-02-22 20:00:00,69.79,84.68,0.17
2025-02-22 21:00:00,68.24,84.53,0.23
2025-02-22 22:00:00,66.3,84.49,0.21
2025-02-22 23:00:00,66.27,84.67,0.19
2025-02-23 00:00:00,64.42,84.45,0.18
2025-02-23 01:00:00,65.77,84.42,0.19
2025-02-23 02:00:00,65.73,84.56,0.2
2025-02-23 03:00:00,68.64,84.52,0.22
2025-02-23 04:00:00,69.55,84.65,0.21
2025-02-23 05:00:00,72.68,84.95,0.19
2025-02-23 06:00:00,74.89,85.18,0.22
2025-02-23 07:00:00,77.86,85.19,0.2
2025-02-23 08:00:00,80.22,85.15,0.25
2025-02-23 09:00:00,81.56,85.25,0.24
2025-02-23 10:00:00,84.33,85.35,0.21
2025-02-23 11:00:00,84.42,85.51,0.21
2025-02-23 12:00:00,85.06,85.39,0.2
2025-02-23 13:00:00,84.75,85.43,0.17
2025-02-23 14:00:00,84.65,85.51,0.21
2025-02-23 15:00:00,82.4,85.51,0.21
2025-02-23 16:00:00,80.33,85.37,0.19
2025-02-23 17:00:00,77.95,85.04,0.22
2025-02-23 18:00:00,74.22,84.82,0.22
2025-02-23 19:00:00,72.88,84.92,0.19
2025-02-23 20:00:00,69.97,84.7,0.21
2025-02-23 21:00:00,68.32,84.61,0.21
2025-02-23 22:00:00,66.36,84.56,0.21
2025-02-23 23:00:00,65.34,84.43,0.19
2025-02-24 00:00:00,64.97,84.58,0.21
2025-02-24 01:00:00,65.65,84.53,0.2
2025-02-24 02:00:00,66.02,84.69,0.2
2025-02-24 03:00:00,68.1,84.76,0.17
2025-02-24 04:00:00,70.83,84.87,0.21
2025-02-24 05:00:00,71.44,84.72,0.21
2025-02-24 06:00:00,74.72,85.17,0.2
2025-02-24 07:00:00,78.2,85.1,0.18
2025-02-24 08:00:00,79.25,85.14,0.2
2025-02-24 09:00:00,83.32,85.58,0.19
2025-02-24 10:00:00,84.12,85.54,0.23
2025-02-24 11:00:00,85.48,85.61,0.18
2025-02-24 12:00:00,85.03,85.46,0.2
2025-02-24 13:00:00,85.34,85.52,0.16
2025-02-24 14:00:00,84.3,85.3,0.2
2025-02-24 15:00:00,82.05,85.43,0.17
2025-02-24 16:00:00,80.14,85.22,0.2
2025-02-24 17:00:00,77.6,85.16,0.19
2025-02-24 18:00:00,75.83,85.07,0.19
2025-02-24 19:00:00,72.55,84.84,0.2
2025-02-24 20:00:00,69.44,84.75,0.24
2025-02-24 21:00:00,67.97,84.44,0.16
2025-02-24 22:00:00,67.51,84.84,0.18
2025-02-24 23:00:00,65.2,84.49,0.2
2025-02-25 00:00:00,64.02,84.41,0.19
2025-02-25 01:00:00,65.06,84.42,0.18
2025-02-25 02:00:00,66.47,84.68,0.21
2025-02-25 03:00:00,68.44,84.52,0.2
2025-02-25 04:00:00,69.52,84.75,0.2
2025-02-25 05:00:00,70.89,84.72,0.19
2025-02-25 06:00:00,75.09,85.17,0.2
2025-02-25 07:00:00,77.77,85.05,0.2
2025-02-25 08:00:00,80.61,85.24,0.2
2025-02-25 09:00:00,82.5,85.47,0.17
2025-02-25 10:00:00,83.82,85.62,0.18
2025-02-25 11:00:00,84.77,85.59,0.2
2025-02-25 12:00:00,84.69,85.48,0.23
2025-02-25 13:00:00,84.86,85.61,0.19
2025-02-25 14:00:00,83.69,85.54,0.21
2025-02-25 15:00:00,81.9,85.47,0.2
2025-02-25 16:00:00,79.41,85.1,0.19
2025-02-25 17:00:00,77.98,85.34,0.15
2025-02-25 18:00:00,74.55,85.1,0.2
2025-02-25 19:00:00,71.61,84.76,0.21
2025-02-25 20:00:00,69.46,84.74,0.2
2025-02-25 21:00:00,68.22,84.57,0.21
2025-02-25 22:00:00,66.7,84.43,0.2
2025-02-25 23:00:00,65.07,84.5,0.18
2025-02-26 00:00:00,65.04,84.51,0.17
2025-02-26 01:00:00,65.69,84.51,0.2
2025-02-26 02:00:00,66.79,84.51,0.2
2025-02-26 03:00:00,68.74,84.59,0.21
2025-02-26 04:00:00,69.21,84.7,0.24
2025-02-26 05:00:00,72.14,84.67,0.21
2025-02-26 06:00:00,75.52,85.1,0.2
2025-02-26 07:00:00,77.03,85.01,0.18
2025-02-26 08:00:00,80.3,85.3,0.17
2025-02-26 09:00:00,81.85,85.29,0.23
2025-02-26 10:00:00,83.6,85.44,0.2
2025-02-26 11:00:00,84.41,85.37,0.18
2025-02-26 12:00:00,85.12,85.55,0.19
2025-02-26 13:00:00,85.11,85.4,0.19
2025-02-26 14:00:00,83.49,85.41,0.15
2025-02-26 15:00:00,81.67,85.31,0.18
2025-02-26 16:00:00,80.09,85.23,0.21
2025-02-26 17:00:00,77.03,85.05,0.16
2025-02-26 18:00:00,75.1,85.08,0.19
2025-02-26 19:00:00,73.53,84.83,0.2
2025-02-26 20:00:00,69.71,84.8,0.18
2025-02-26 21:00:00,67.98,84.66,0.19
2025-02-26 22:00:00,66.25,84.65,0.2
2025-02-26 23:00:00,65.31,84.69,0.22
2025-02-27 00:00:00,65.6,84.73,0.2
2025-02-27 01:00:00,65.86,84.48,0.22
2025-02-27 02:00:00,66.02,84.53,0.23
2025-02-27 03:00:00,67.7,84.6,0.18
2025-02-27 04:00:00,70.56,84.76,0.22
2025-02-27 05:00:00,73.63,84.91,0.21
2025-02-27 06:00:00,75.43,85.03,0.18
2025-02-27 07:00:00,78.08,85.19,0.2
2025-02-27 08:00:00,80.16,85.17,0.22
2025-02-27 09:00:00,81.83,85.34,0.22
2025-02-27 10:00:00,83.37,85.32,0.2
2025-02-27 11:00:00,85.35,85.41,0.21
2025-02-27 12:00:00,85.14,85.38,0.18
2025-02-27 13:00:00,84.5,85.31,0.2
2025-02-27 14:00:00,83.72,85.34,0.17
2025-02-27 15:00:00,82.16,85.22,0.19
2025-02-27 16:00:00,80.36,85.0,0.21
2025-02-27 17:00:00,77.08,85.21,0.19
2025-02-27 18:00:00,75.15,84.89,0.22
2025-02-27 19:00:00,72.2,85.01,0.22
2025-02-27 20:00:00,69.37,84.93,0.15
2025-02-27 21:00:00,68.22,84.7,0.22
2025-02-27 22:00:00,65.7,84.47,0.21
2025-02-27 23:00:00,64.29,84.59,0.2
2025-02-28 00:00:00,65.0,84.32,0.19
2025-02-28 01:00:00,64.64,84.56,0.17
2025-02-28 02:00:00,65.84,84.65,0.17
2025-02-28 03:00:00,67.9,84.65,0.22
2025-02-28 04:00:00,69.18,84.7,0.23
2025-02-28 05:00:00,72.27,84.82,0.18
2025-02-28 06:00:00,74.81,84.99,0.24
2025-02-28 07:00:00,76.96,85.0,0.17
2025-02-28 08:00:00,79.09,85.19,0.17
2025-02-28 09:00:00,82.41,85.35,0.21
2025-02-28 10:00:00,83.39,85.43,0.19
2025-02-28 11:00:00,85.56,85.58,0.19
2025-02-28 12:00:00,84.69,85.44,0.21
2025-02-28 13:00:00,84.9,85.46,0.2
2025-02-28 14:00:00,83.94,85.47,0.2
2025-02-28 15:00:00,82.05,85.46,0.21
2025-02-28 16:00:00,79.77,85.18,0.24
2025-02-28 17:00:00,77.39,85.06,0.22
2025-02-28 18:00:00,75.58,84.94,0.18
2025-02-28 19:00:00,72.74,84.93,0.19
2025-02-28 20:00:00,70.59,84.67,0.21
2025-02-28 21:00:00,68.23,84.65,0.21
2025-02-28 22:00:00,65.91,84.41,0.19
2025-02-28 23:00:00,65.23,84.61,0.24
2025-03-01 00:00:00,65.68,84.42,0.18
2025-03-01 01:00:00,65.69,84.87,0.19
2025-03-01 02:00:00,66.67,84.49,0.19
2025-03-01 03:00:00,67.69,84.55,0.18
2025-03-01 04:00:00,70.49,84.91,0.19
2025-03-01 05:00:00,72.6,84.91,0.21
2025-03-01 06:00:00,75.32,84.91,0.23
2025-03-01 07:00:00,77.43,85.04,0.2
2025-03-01 08:00:00,79.14,85.19,0.2
2025-03-01 09:00:00,82.69,85.32,0.2
2025-03-01 10:00:00,83.8,85.48,0.21
2025-03-01 11:00:00,84.59,85.59,0.18
2025-03-01 12:00:00,85.46,85.33,0.19
2025-03-01 13:00:00,84.71,85.52,0.19
2025-03-01 14:00:00,84.29,85.49,0.17
2025-03-01 15:00:00,81.54,85.46,0.19
2025-03-01 16:00:00,79.8,85.19,0.22
2025-03-01 17:00:00,77.27,85.1,0.21
2025-03-01 18:00:00,75.16,85.2,0.17
2025-03-01 19:00:00,72.03,84.85,0.22
2025-03-01 20:00:00,70.63,84.8,0.22
2025-03-01 21:00:00,67.8,84.71,0.21
2025-03-01 22:00:00,66.6,84.59,0.19
2025-03-01 23:00:00,64.75,84.68,0.21
2025-03-02 00:00:00,65.4,84.48,0.17
2025-03-02 01:00:00,66.35,84.65,0.21
2025-03-02 02:00:00,66.82,84.62,0.21
2025-03-02 03:00:00,67.86,84.63,0.22
2025-03-02 04:00:00,70.29,84.69,0.2
2025-03-02 05:00:00,72.99,84.9,0.19
2025-03-02 06:00:00,75.32,84.84,0.24
2025-03-02 07:00:00,77.18,85.26,0.23
2025-03-02 08:00:00,79.43,85.43,0.19
2025-03-02 09:00:00,82.71,85.51,0.21
2025-03-02 10:00:00,83.87,85.31,0.21
2025-03-02 11:00:00,84.35,85.59,0.23
2025-03-02 12:00:00,85.26,85.4,0.22
2025-03-02 13:00:00,85.92,85.44,0.22
2025-03-02 14:00:00,83.62,85.51,0.21
2025-03-02 15:00:00,82.77,85.34,0.21
2025-03-02 16:00:00,79.3,85.16,0.18
2025-03-02 17:00:00,77.77,85.16,0.19
2025-03-02 18:00:00,73.77,84.91,0.24
2025-03-02 19:00:00,72.68,84.76,0.2
2025-03-02 20:00:00,69.75,84.82,0.19
2025-03-02 21:00:00,66.79,84.57,0.19
2025-03-02 22:00:00,66.29,84.57,0.22
2025-03-02 23:00:00,65.94,84.56,0.2
2025-03-03 00:00:00,64.9,84.37,0.18
2025-03-03 01:00:00,65.6,84.35,0.22
2025-03-03 02:00:00,66.36,84.4,0.24
2025-03-03 03:00:00,67.79,84.59,0.2
2025-03-03 04:00:00,69.47,84.78,0.19
2025-03-03 05:00:00,72.35,84.9,0.19
2025-03-03 06:00:00,75.85,85.02,0.2
2025-03-03 07:00:00,76.63,85.19,0.19
2025-03-03 08:00:00,80.5,85.09,0.2
2025-03-03 09:00:00,82.03,85.38,0.15
2025-03-03 10:00:00,83.96,85.56,0.23
2025-03-03 11:00:00,84.5,85.44,0.18
2025-03-03 12:00:00,84.58,85.63,0.19
2025-03-03 13:00:00,85.95,85.5,0.19
2025-03-03 14:00:00,83.49,85.53,0.15
2025-03-03 15:00:00,81.87,85.4,0.2
2025-03-03 16:00:00,79.45,85.08,0.21
2025-03-03 17:00:00,77.19,85.09,0.19
2025-03-03 18:00:00,76.09,84.92,0.23
2025-03-03 19:00:00,73.15,84.91,0.17
2025-03-03 20:00:00,69.66,84.7,0.19
2025-03-03 21:00:00,67.48,84.66,0.2
2025-03-03 22:00:00,66.8,84.67,0.2
2025-03-03 23:00:00,65.96,84.45,0.19
2025-03-04 00:00:00,65.29,84.61,0.21
2025-03-04 01:00:00,65.6,84.67,0.18
2025-03-04 02:00:00,66.39,84.49,0.22
2025-03-04 03:00:00,69.06,84.8,0.24
2025-03-04 04:00:00,69.12,84.7,0.16
2025-03-04 05:00:00,72.69,84.84,0.17
2025-03-04 06:00:00,75.63,84.94,0.19
2025-03-04 07:00:00,76.85,85.17,0.2
2025-03-04 08:00:00,80.29,85.34,0.18
2025-03-04 09:00:00,82.63,85.65,0.23
2025-03-04 10:00:00,84.24,85.51,0.18
2025-03-04 11:00:00,84.19,85.62,0.2
2025-03-04 12:00:00,84.81,85.55,0.23
2025-03-04 13:00:00,84.57,85.38,0.17
2025-03-04 14:00:00,83.44,85.44,0.18
2025-03-04 15:00:00,82.63,85.44,0.2
2025-03-04 16:00:00,79.76,85.38,0.18
2025-03-04 17:00:00,77.09,85.46,0.22
2025-03-04 18:00:00,75.41,85.07,0.19
2025-03-04 19:00:00,72.69,85.04,0.21
2025-03-04 20:00:00,69.53,84.74,0.24
2025-03-04 21:00:00,67.87,84.73,0.22
2025-03-04 22:00:00,65.97,84.54,0.24
2025-03-04 23:00:00,65.19,84.6,0.23
2025-03-05 00:00:00,64.9,84.39,0.21
2025-03-05 01:00:00,65.22,84.65,0.17
2025-03-05 02:00:00,66.8,84.61,0.23
2025-03-05 03:00:00,68.16,84.78,0.21
2025-03-05 04:00:00,70.21,84.78,0.19
2025-03-05 05:00:00,71.61,84.71,0.21
2025-03-05 06:00:00,75.29,85.29,0.19
2025-03-05 07:00:00,76.9,85.26,0.22
2025-03-05 08:00:00,79.95,85.16,0.17
2025-03-05 09:00:00,82.79,85.42,0.19
2025-03-05 10:00:00,82.93,85.43,0.23
2025-03-05 11:00:00,84.73,85.42,0.2
2025-03-05 12:00:00,84.54,85.55,0.22
2025-03-05 13:00:00,84.77,85.42,0.21
2025-03-05 14:00:00,83.82,85.41,0.16
2025-03-05 15:00:00,81.52,85.36,0.2
2025-03-05 16:00:00,79.76,85.29,0.21
2025-03-05 17:00:00,77.89,85.28,0.2
2025-03-05 18:00:00,75.22,84.91,0.2
2025-03-05 19:00:00,72.99,84.9,0.17
2025-03-05 20:00:00,69.93,84.84,0.19
2025-03-05 21:00:00,68.44,84.57,0.21
2025-03-05 22:00:00,67.06,84.63,0.18
2025-03-05 23:00:00,64.97,84.44,0.21
2025-03-06 00:00:00,64.62,84.56,0.23
2025-03-06 01:00:00,65.47,84.59,0.14
2025-03-06 02:00:00,66.18,84.49,0.18
2025-03-06 03:00:00,67.67,84.59,0.23
2025-03-06 04:00:00,70.66,84.8,0.21
2025-03-06 05:00:00,72.26,84.9,0.23
2025-03-06 06:00:00,75.59,85.0,0.2
2025-03-06 07:00:00,77.07,85.11,0.19
2025-03-06 08:00:00,79.38,85.11,0.21
2025-03-06 09:00:00,82.13,85.39,0.19
2025-03-06 10:00:00,84.36,85.43,0.21
2025-03-06 11:00:00,85.28,85.41,0.2
2025-03-06 12:00:00,85.73,85.46,0.19
2025-03-06 13:00:00,85.54,85.39,0.19
2025-03-06 14:00:00,83.5,85.6,0.21
2025-03-06 15:00:00,81.72,85.23,0.16
2025-03-06 16:00:00,80.05,85.25,0.21
2025-03-06 17:00:00,77.55,85.24,0.19
2025-03-06 18:00:00,74.42,85.01,0.19
2025-03-06 19:00:00,72.37,84.7,0.2
2025-03-06 20:00:00,70.02,84.62,0.2
2025-03-06 21:00:00,67.8,84.62,0.22
2025-03-06 22:00:00,65.8,84.64,0.19
2025-03-06 23:00:00,65.15,84.52,0.21
2025-03-07 00:00:00,64.8,84.5,0.18
2025-03-07 01:00:00,65.65,84.47,0.23
2025-03-07 02:00:00,66.84,84.59,0.21
2025-03-07 03:00:00,67.83,84.68,0.17
2025-03-07 04:00:00,69.63,84.5,0.22
2025-03-07 05:00:00,72.56,84.93,0.22
2025-03-07 06:00:00,75.38,84.91,0.19
2025-03-07 07:00:00,77.97,85.11,0.17
2025-03-07 08:00:00,80.13,85.28,0.18
2025-03-07 09:00:00,81.24,85.32,0.2
2025-03-07 10:00:00,83.76,85.21,0.23
2025-03-07 11:00:00,84.41,85.5,0.2
2025-03-07 12:00:00,84.92,85.39,0.27
2025-03-07 13:00:00,85.44,85.67,0.21
2025-03-07 14:00:00,83.18,85.53,0.19
2025-03-07 15:00:00,82.06,85.39,0.17
2025-03-07 16:00:00,79.96,85.27,0.21
2025-03-07 17:00:00,77.07,85.15,0.23
2025-03-07 18:00:00,75.1,85.08,0.18
2025-03-07 19:00:00,72.34,84.85,0.19
2025-03-07 20:00:00,69.88,84.87,0.19
2025-03-07 21:00:00,67.95,84.62,0.23
2025-03-07 22:00:00,66.22,84.54,0.16
2025-03-07 23:00:00,65.1,84.49,0.21
2025-03-08 00:00:00,65.14,84.4,0.17
2025-03-08 01:00:00,66.36,84.35,0.18
2025-03-08 02:00:00,65.33,84.62,0.2
2025-03-08 03:00:00,66.34,84.62,0.2
2025-03-08 04:00:00,70.95,84.72,0.22
2025-03-08 05:00:00,71.74,84.79,0.19
2025-03-08 06:00:00,74.77,84.92,0.16
2025-03-08 07:00:00,76.85,85.05,0.24
2025-03-08 08:00:00,80.07,85.38,0.2
2025-03-08 09:00:00,81.25,85.38,0.19
2025-03-08 10:00:00,84.4,85.43,0.21
2025-03-08 11:00:00,84.97,85.36,0.17
2025-03-08 12:00:00,85.15,85.61,0.21
2025-03-08 13:00:00,84.98,85.5,0.2
2025-03-08 14:00:00,83.16,85.39,0.22
2025-03-08 15:00:00,81.91,85.36,0.2
2025-03-08 16:00:00,80.13,85.19,0.2
2025-03-08 17:00:00,77.72,85.1,0.21
2025-03-08 18:00:00,75.56,84.85,0.17
2025-03-08 19:00:00,72.73,84.71,0.18
2025-03-08 20:00:00,69.81,84.85,0.21
2025-03-08 21:00:00,67.55,84.65,0.17
2025-03-08 22:00:00,65.69,84.46,0.22
2025-03-08 23:00:00,65.84,84.72,0.2
2025-03-09 00:00:00,65.23,84.5,0.2
2025-03-09 01:00:00,65.07,84.42,0.2
2025-03-09 02:00:00,66.63,84.67,0.19
2025-03-09 03:00:00,67.48,84.57,0.21
2025-03-09 04:00:00,69.42,84.64,0.21
2025-03-09 05:00:00,71.32,84.73,0.21
2025-03-09 06:00:00,74.86,85.14,0.22
2025-03-09 07:00:00,78.31,85.18,0.2
2025-03-09 08:00:00,79.84,85.39,0.2
2025-03-09 09:00:00,82.28,85.33,0.22
2025-03-09 10:00:00,84.16,85.45,0.19
2025-03-09 11:00:00,84.71,85.45,0.23
2025-03-09 12:00:00,84.16,85.6,0.19
2025-03-09 13:00:00,84.36,85.44,0.17
2025-03-09 14:00:00,83.66,85.32,0.2
2025-03-09 15:00:00,81.89,85.51,0.21
2025-03-09 16:00:00,80.12,85.35,0.22
2025-03-09 17:00:00,78.14,85.3,0.21
2025-03-09 18:00:00,74.58,84.84,0.2
2025-03-09 19:00:00,71.73,85.02,0.21
2025-03-09 20:00:00,70.36,84.67,0.2
2025-03-09 21:00:00,67.58,84.63,0.18
2025-03-09 22:00:00,66.38,84.65,0.18
2025-03-09 23:00:00,65.54,84.58,0.2
2025-03-10 00:00:00,64.48,84.6,0.18
2025-03-10 01:00:00,65.21,84.61,0.18
2025-03-10 02:00:00,66.94,84.57,0.2
2025-03-10 03:00:00,67.93,84.66,0.2
2025-03-10 04:00:00,70.19,84.81,0.22
2025-03-10 05:00:00,72.08,84.88,0.19
2025-03-10 06:00:00,74.79,84.98,0.18
2025-03-10 07:00:00,77.51,85.22,0.19
2025-03-10 08:00:00,80.58,85.11,0.18
2025-03-10 09:00:00,82.33,85.25,0.18
2025-03-10 10:00:00,83.47,85.21,0.16
2025-03-10 11:00:00,84.71,85.36,0.22
2025-03-10 12:00:00,84.4,85.35,0.15
2025-03-10 13:00:00,85.3,85.57,0.21
2025-03-10 14:00:00,83.85,85.37,0.19
2025-03-10 15:00:00,81.46,85.55,0.18
2025-03-10 16:00:00,80.05,85.11,0.16
2025-03-10 17:00:00,77.97,85.12,0.18
2025-03-10 18:00:00,74.72,85.04,0.22
2025-03-10 19:00:00,71.08,84.9,0.18
2025-03-10 20:00:00,71.29,84.9,0.21
2025-03-10 21:00:00,67.89,84.52,0.19
2025-03-10 22:00:00,66.45,84.59,0.19
2025-03-10 23:00:00,65.3,84.52,0.18
2025-03-11 00:00:00,64.96,84.53,0.18
2025-03-11 01:00:00,65.64,84.41,0.21
2025-03-11 02:00:00,66.8,84.42,0.25
2025-03-11 03:00:00,67.67,84.5,0.2
2025-03-11 04:00:00,70.13,84.76,0.22
2025-03-11 05:00:00,72.83,85.04,0.21
2025-03-11 06:00:00,75.02,85.02,0.22
2025-03-11 07:00:00,77.9,85.2,0.18
2025-03-11 08:00:00,80.14,85.29,0.21
2025-03-11 09:00:00,82.17,85.25,0.19
2025-03-11 10:00:00,82.79,85.41,0.19
2025-03-11 11:00:00,85.13,85.47,0.19
2025-03-11 12:00:00,84.58,85.53,0.21
2025-03-11 13:00:00,84.96,85.39,0.18
2025-03-11 14:00:00,83.93,85.33,0.22
2025-03-11 15:00:00,83.15,85.47,0.18
2025-03-11 16:00:00,79.22,85.19,0.22
2025-03-11 17:00:00,77.65,84.91,0.18
2025-03-11 18:00:00,75.39,85.06,0.19
2025-03-11 19:00:00,72.66,84.72,0.2
2025-03-11 20:00:00,69.07,84.64,0.19
2025-03-11 21:00:00,68.59,84.62,0.2
2025-03-11 22:00:00,66.08,84.61,0.18
2025-03-11 23:00:00,64.59,84.45,0.19
2025-03-12 00:00:00,64.59,84.44,0.19
2025-03-12 01:00:00,65.75,84.43,0.22
2025-03-12 02:00:00,66.23,84.55,0.22
2025-03-12 03:00:00,68.66,84.66,0.21
2025-03-12 04:00:00,69.5,84.71,0.18
2025-03-12 05:00:00,72.53,84.89,0.21
2025-03-12 06:00:00,75.25,84.97,0.19
2025-03-12 07:00:00,77.19,85.06,0.21
2025-03-12 08:00:00,79.98,85.15,0.21
2025-03-12 09:00:00,82.3,85.37,0.19
2025-03-12 10:00:00,83.66,85.42,0.21
2025-03-12 11:00:00,84.35,85.43,0.21
2025-03-12 12:00:00,84.96,85.42,0.2
2025-03-12 13:00:00,84.56,85.45,0.17
2025-03-12 14:00:00,83.49,85.57,0.18
2025-03-12 15:00:00,82.39,85.45,0.22
2025-03-12 16:00:00,79.93,85.49,0.2
2025-03-12 17:00:00,77.36,85.14,0.25
2025-03-12 18:00:00,75.0,85.04,0.21
2025-03-12 19:00:00,72.49,84.95,0.22
2025-03-12 20:00:00,69.36,84.84,0.19
2025-03-12 21:00:00,68.01,84.72,0.2
2025-03-12 22:00:00,66.19,84.51,0.18
2025-03-12 23:00:00,64.95,84.36,0.19
2025-03-13 00:00:00,64.66,84.58,0.19
2025-03-13 01:00:00,65.25,84.58,0.23
2025-03-13 02:00:00,66.01,84.43,0.21
2025-03-13 03:00:00,67.74,84.65,0.21
2025-03-13 04:00:00,70.15,84.63,0.19
2025-03-13 05:00:00,72.54,84.89,0.21
2025-03-13 06:00:00,75.39,85.03,0.18
2025-03-13 07:00:00,77.19,85.22,0.21
2025-03-13 08:00:00,80.0,85.23,0.21
2025-03-13 09:00:00,82.05,85.27,0.17
2025-03-13 10:00:00,83.43,85.32,0.18
2025-03-13 11:00:00,85.15,85.48,0.19
2025-03-13 12:00:00,84.55,85.62,0.23
2025-03-13 13:00:00,84.04,85.39,0.22
2025-03-13 14:00:00,84.43,85.36,0.19
2025-03-13 15:00:00,81.94,85.33,0.21
2025-03-13 16:00:00,79.87,85.14,0.22
2025-03-13 17:00:00,78.38,85.28,0.22
2025-03-13 18:00:00,74.91,85.12,0.21
2025-03-13 19:00:00,72.11,84.93,0.21
2025-03-13 20:00:00,69.46,84.73,0.2
2025-03-13 21:00:00,68.51,84.6,0.22
2025-03-13 22:00:00,65.76,84.65,0.2
2025-03-13 23:00:00,65.05,84.64,0.22
2025-03-14 00:00:00,65.8,84.64,0.2
2025-03-14 01:00:00,65.45,84.43,0.22
2025-03-14 02:00:00,66.5,84.46,0.22
2025-03-14 03:00:00,67.72,84.52,0.2
2025-03-14 04:00:00,70.46,84.94,0.2
2025-03-14 05:00:00,72.43,84.68,0.19
2025-03-14 06:00:00,74.35,84.97,0.16
2025-03-14 07:00:00,78.1,85.13,0.22
2025-03-14 08:00:00,79.97,85.11,0.19
2025-03-14 09:00:00,81.86,85.33,0.2
2025-03-14 10:00:00,84.45,85.38,0.19
2025-03-14 11:00:00,84.66,85.59,0.21
2025-03-14 12:00:00,84.83,85.5,0.18
2025-03-14 13:00:00,84.73,85.45,0.18
2025-03-14 14:00:00,84.41,85.58,0.2
2025-03-14 15:00:00,82.31,85.51,0.25
2025-03-14 16:00:00,80.64,85.28,0.2
2025-03-14 17:00:00,77.41,85.25,0.22
2025-03-14 18:00:00,74.46,84.99,0.17
2025-03-14 19:00:00,72.51,84.83,0.2
2025-03-14 20:00:00,71.15,84.74,0.22
2025-03-14 21:00:00,67.73,84.55,0.21
2025-03-14 22:00:00,66.57,84.54,0.19
2025-03-14 23:00:00,64.84,84.45,0.22
2025-03-15 00:00:00,65.24,84.47,0.19
2025-03-15 01:00:00,64.95,84.67,0.2
2025-03-15 02:00:00,67.23,84.62,0.18
2025-03-15 03:00:00,68.03,84.87,0.2
2025-03-15 04:00:00,68.86,84.62,0.16
2025-03-15 05:00:00,71.88,84.94,0.19
2025-03-15 06:00:00,74.55,84.99,0.23
2025-03-15 07:00:00,77.64,85.01,0.22
2025-03-15 08:00:00,79.55,85.12,0.18
2025-03-15 09:00:00,81.64,85.33,0.22
2025-03-15 10:00:00,83.42,85.53,0.18
2025-03-15 11:00:00,84.72,85.51,0.16
2025-03-15 12:00:00,84.57,85.26,0.22
2025-03-15 13:00:00,84.91,85.53,0.23
2025-03-15 14:00:00,83.72,85.46,0.19
2025-03-15 15:00:00,81.41,85.3,0.18
2025-03-15 16:00:00,79.75,85.29,0.18
2025-03-15 17:00:00,77.45,85.08,0.21
2025-03-15 18:00:00,76.44,85.12,0.17
2025-03-15 19:00:00,71.75,84.73,0.21
2025-03-15 20:00:00,69.89,84.82,0.23
2025-03-15 21:00:00,68.08,84.56,0.2
2025-03-15 22:00:00,66.93,84.53,0.21
2025-03-15 23:00:00,66.23,84.71,0.2
2025-03-16 00:00:00,65.07,84.57,0.21
2025-03-16 01:00:00,64.58,84.53,0.21
2025-03-16 02:00:00,65.37,84.42,0.22
2025-03-16 03:00:00,68.05,84.54,0.21
2025-03-16 04:00:00,69.67,85.0,0.2
2025-03-16 05:00:00,71.56,84.78,0.19
2025-03-16 06:00:00,75.55,85.08,0.21
2025-03-16 07:00:00,77.88,85.41,0.17
2025-03-16 08:00:00,80.7,85.21,0.18
2025-03-16 09:00:00,83.02,85.39,0.2
2025-03-16 10:00:00,84.65,85.46,0.19
2025-03-16 11:00:00,84.73,85.58,0.2
2025-03-16 12:00:00,85.04,85.45,0.17
2025-03-16 13:00:00,85.57,85.31,0.22
2025-03-16 14:00:00,84.59,85.33,0.21
2025-03-16 15:00:00,81.93,85.29,0.19
2025-03-16 16:00:00,80.06,85.18,0.17
2025-03-16 17:00:00,77.85,85.16,0.19
2025-03-16 18:00:00,73.76,84.91,0.22
2025-03-16 19:00:00,72.96,84.89,0.18
2025-03-16 20:00:00,70.09,84.6,0.2
2025-03-16 21:00:00,67.7,84.72,0.22
2025-03-16 22:00:00,65.89,84.42,0.21
2025-03-16 23:00:00,65.05,84.4,0.19
2025-03-17 00:00:00,64.98,84.48,0.18
2025-03-17 01:00:00,65.34,84.58,0.2
2025-03-17 02:00:00,65.66,84.32,0.22
2025-03-17 03:00:00,67.88,84.59,0.17
2025-03-17 04:00:00,69.5,84.79,0.2
2025-03-17 05:00:00,71.43,84.76,0.19
2025-03-17 06:00:00,75.43,84.9,0.21
2025-03-17 07:00:00,77.37,85.27,0.21
2025-03-17 08:00:00,80.49,85.41,0.19
2025-03-17 09:00:00,81.67,85.46,0.17
2025-03-17 10:00:00,83.99,85.54,0.22
2025-03-17 11:00:00,84.35,85.36,0.18
2025-03-17 12:00:00,84.93,85.39,0.18
2025-03-17 13:00:00,85.39,85.64,0.21
2025-03-17 14:00:00,82.9,85.33,0.25
2025-03-17 15:00:00,82.54,85.57,0.24
2025-03-17 16:00:00,80.19,85.15,0.19
2025-03-17 17:00:00,76.79,84.95,0.16
2025-03-17 18:00:00,76.04,84.9,0.21
2025-03-17 19:00:00,72.2,84.85,0.22
2025-03-17 20:00:00,69.77,84.73,0.21
2025-03-17 21:00:00,68.42,84.63,0.2
2025-03-17 22:00:00,67.55,84.51,0.2
2025-03-17 23:00:00,65.33,84.46,0.17
2025-03-18 00:00:00,65.09,84.51,0.16
2025-03-18 01:00:00,65.38,84.44,0.22
2025-03-18 02:00:00,65.58,84.5,0.16
2025-03-18 03:00:00,67.87,84.55,0.22
2025-03-18 04:00:00,69.86,84.87,0.21
2025-03-18 05:00:00,71.95,84.89,0.18
2025-03-18 06:00:00,75.47,84.88,0.18
2025-03-18 07:00:00,77.21,85.16,0.22
2025-03-18 08:00:00,79.31,85.22,0.22
2025-03-18 09:00:00,81.86,85.36,0.21
2025-03-18 10:00:00,83.8,85.44,0.21
2025-03-18 11:00:00,84.83,85.49,0.19
2025-03-18 12:00:00,84.75,85.75,0.22
2025-03-18 13:00:00,83.98,85.42,0.22
2025-03-18 14:00:00,83.33,85.56,0.24
2025-03-18 15:00:00,82.28,85.45,0.19
2025-03-18 16:00:00,79.83,85.16,0.2
2025-03-18 17:00:00,77.17,85.25,0.2
2025-03-18 18:00:00,75.43,85.14,0.16
2025-03-18 19:00:00,72.2,84.83,0.23
2025-03-18 20:00:00,69.57,84.65,0.18
2025-03-18 21:00:00,67.71,84.36,0.22
2025-03-18 22:00:00,66.44,84.71,0.22
2025-03-18 23:00:00,65.09,84.47,0.14
2025-03-19 00:00:00,65.51,84.65,0.22
2025-03-19 01:00:00,65.77,84.57,0.23
2025-03-19 02:00:00,66.36,84.75,0.2
2025-03-19 03:00:00,68.25,84.72,0.19
2025-03-19 04:00:00,70.71,84.56,0.19
2025-03-19 05:00:00,71.89,84.83,0.21
2025-03-19 06:00:00,75.35,84.95,0.2
2025-03-19 07:00:00,78.22,85.04,0.18
2025-03-19 08:00:00,80.5,85.3,0.23
2025-03-19 09:00:00,82.74,85.43,0.21
2025-03-19 10:00:00,84.07,85.46,0.19
2025-03-19 11:00:00,84.78,85.45,0.24
2025-03-19 12:00:00,85.0,85.58,0.22
2025-03-19 13:00:00,83.92,85.49,0.18
2025-03-19 14:00:00,83.62,85.56,0.22
2025-03-19 15:00:00,82.12,85.37,0.2
2025-03-19 16:00:00,79.13,85.47,0.19
2025-03-19 17:00:00,78.04,85.14,0.19
2025-03-19 18:00:00,75.87,84.9,0.2
2025-03-19 19:00:00,72.95,84.77,0.2
2025-03-19 20:00:00,70.44,84.94,0.22
2025-03-19 21:00:00,67.84,84.68,0.22
2025-03-19 22:00:00,66.72,84.71,0.21
2025-03-19 23:00:00,66.06,84.57,0.19
2025-03-20 00:00:00,64.87,84.57,0.25
2025-03-20 01:00:00,65.51,84.5,0.19
2025-03-20 02:00:00,66.03,84.48,0.19
2025-03-20 03:00:00,67.32,84.58,0.17
2025-03-20 04:00:00,69.85,84.64,0.19
2025-03-20 05:00:00,72.95,84.95,0.2
2025-03-20 06:00:00,75.08,85.21,0.23
2025-03-20 07:00:00,77.35,85.15,0.18
2025-03-20 08:00:00,80.44,85.22,0.17
2025-03-20 09:00:00,82.52,85.33,0.2
2025-03-20 10:00:00,83.39,85.47,0.2
2025-03-20 11:00:00,84.85,85.53,0.19
2025-03-20 12:00:00,84.77,85.42,0.19
2025-03-20 13:00:00,83.58,85.4,0.2
2025-03-20 14:00:00,83.6,85.43,0.19
2025-03-20 15:00:00,82.01,85.46,0.2
2025-03-20 16:00:00,79.53,85.2,0.19
2025-03-20 17:00:00,78.27,85.32,0.19
2025-03-20 18:00:00,73.76,84.79,0.21
2025-03-20 19:00:00,73.04,84.88,0.2
2025-03-20 20:00:00,69.72,84.77,0.19
2025-03-20 21:00:00,67.8,84.69,0.19
2025-03-20 22:00:00,65.96,84.47,0.18
2025-03-20 23:00:00,64.13,84.46,0.24
2025-03-21 00:00:00,63.94,84.39,0.19
2025-03-21 01:00:00,65.09,84.52,0.22
2025-03-21 02:00:00,66.89,84.69,0.16
2025-03-21 03:00:00,67.95,84.66,0.19
2025-03-21 04:00:00,69.34,84.73,0.19
2025-03-21 05:00:00,71.84,84.67,0.2
2025-03-21 06:00:00,73.97,84.78,0.2
2025-03-21 07:00:00,77.65,85.1,0.22
2025-03-21 08:00:00,79.85,85.26,0.21
2025-03-21 09:00:00,82.5,85.41,0.19
2025-03-21 10:00:00,84.56,85.5,0.23
2025-03-21 11:00:00,84.45,85.29,0.2
2025-03-21 12:00:00,84.76,85.61,0.2
2025-03-21 13:00:00,84.67,85.44,0.17
2025-03-21 14:00:00,83.9,85.3,0.19
2025-03-21 15:00:00,82.64,85.48,0.2
2025-03-21 16:00:00,79.48,85.12,0.24
2025-03-21 17:00:00,78.02,84.85,0.19
2025-03-21 18:00:00,75.55,85.06,0.17
2025-03-21 19:00:00,72.2,84.92,0.2
2025-03-21 20:00:00,69.93,84.84,0.2
2025-03-21 21:00:00,67.69,84.6,0.18
2025-03-21 22:00:00,66.48,84.49,0.24
2025-03-21 23:00:00,64.79,84.36,0.18
2025-03-22 00:00:00,65.31,84.59,0.21
2025-03-22 01:00:00,65.56,84.51,0.26
2025-03-22 02:00:00,66.38,84.59,0.2
2025-03-22 03:00:00,68.87,84.55,0.23
2025-03-22 04:00:00,69.5,84.68,0.17
2025-03-22 05:00:00,72.97,85.13,0.2
2025-03-22 06:00:00,74.55,85.04,0.22
2025-03-22 07:00:00,77.03,85.07,0.19
2025-03-22 08:00:00,80.89,85.14,0.22
2025-03-22 09:00:00,82.6,85.33,0.22
2025-03-22 10:00:00,83.96,85.38,0.24
2025-03-22 11:00:00,84.23,85.52,0.21
2025-03-22 12:00:00,84.99,85.58,0.23
2025-03-22 13:00:00,84.64,85.53,0.2
2025-03-22 14:00:00,83.61,85.4,0.21
2025-03-22 15:00:00,82.18,85.19,0.21
2025-03-22 16:00:00,79.87,85.25,0.23
2025-03-22 17:00:00,77.67,85.17,0.24
2025-03-22 18:00:00,75.08,84.97,0.21
2025-03-22 19:00:00,73.11,84.97,0.21
2025-03-22 20:00:00,70.07,84.8,0.19
2025-03-22 21:00:00,67.23,84.68,0.18
2025-03-22 22:00:00,66.62,84.47,0.15
2025-03-22 23:00:00,64.44,84.59,0.21
2025-03-23 00:00:00,64.84,84.67,0.23
2025-03-23 01:00:00,65.77,84.53,0.19
2025-03-23 02:00:00,65.76,84.52,0.2
2025-03-23 03:00:00,67.48,84.72,0.18
2025-03-23 04:00:00,69.85,84.86,0.19
2025-03-23 05:00:00,72.07,84.92,0.22
2025-03-23 06:00:00,75.51,85.03,0.19
2025-03-23 07:00:00,77.86,85.29,0.19
2025-03-23 08:00:00,80.46,85.24,0.16
2025-03-23 09:00:00,82.01,85.3,0.21
2025-03-23 10:00:00,84.34,85.36,0.26
2025-03-23 11:00:00,85.7,85.45,0.17
2025-03-23 12:00:00,84.76,85.6,0.23
2025-03-23 13:00:00,84.76,85.49,0.2
2025-03-23 14:00:00,83.75,85.5,0.19
2025-03-23 15:00:00,82.4,85.49,0.2
2025-03-23 16:00:00,80.41,85.23,0.24
2025-03-23 17:00:00,76.82,85.31,0.18
2025-03-23 18:00:00,75.38,85.06,0.2
2025-03-23 19:00:00,72.19,84.87,0.21
2025-03-23 20:00:00,70.51,84.89,0.23
2025-03-23 21:00:00,68.12,84.67,0.18
2025-03-23 22:00:00,65.82,84.49,0.19
2025-03-23 23:00:00,64.98,84.5,0.2
2025-03-24 00:00:00,64.91,84.57,0.19
2025-03-24 01:00:00,65.75,84.63,0.2
2025-03-24 02:00:00,66.75,84.39,0.19
2025-03-24 03:00:00,67.92,84.74,0.2
2025-03-24 04:00:00,69.28,84.6,0.22
2025-03-24 05:00:00,72.4,84.92,0.21
2025-03-24 06:00:00,75.3,84.95,0.18
2025-03-24 07:00:00,77.2,85.04,0.17
2025-03-24 08:00:00,79.13,85.19,0.15
2025-03-24 09:00:00,82.87,85.51,0.19
2025-03-24 10:00:00,84.68,85.31,0.15
2025-03-24 11:00:00,84.98,85.39,0.18
2025-03-24 12:00:00,85.19,85.55,0.23
2025-03-24 13:00:00,84.14,85.38,0.21
2025-03-24 14:00:00,83.9,85.45,0.19
2025-03-24 15:00:00,82.0,85.49,0.22
2025-03-24 16:00:00,79.92,85.23,0.21
2025-03-24 17:00:00,77.8,85.22,0.21
2025-03-24 18:00:00,74.92,85.07,0.19
2025-03-24 19:00:00,72.24,84.71,0.2
2025-03-24 20:00:00,70.0,84.8,0.2
2025-03-24 21:00:00,67.78,84.6,0.19
2025-03-24 22:00:00,65.9,84.43,0.2
2025-03-24 23:00:00,65.32,84.51,0.22
2025-03-25 00:00:00,64.29,84.25,0.19
2025-03-25 01:00:00,65.24,84.61,0.18
2025-03-25 02:00:00,65.88,84.58,0.21
2025-03-25 03:00:00,68.16,84.67,0.2
2025-03-25 04:00:00,69.27,84.83,0.22
2025-03-25 05:00:00,72.08,84.76,0.18
2025-03-25 06:00:00,75.13,85.07,0.2
2025-03-25 07:00:00,77.43,85.11,0.25
2025-03-25 08:00:00,79.5,85.31,0.21
2025-03-25 09:00:00,82.75,85.36,0.16
2025-03-25 10:00:00,84.34,85.37,0.23
2025-03-25 11:00:00,85.93,85.54,0.21
2025-03-25 12:00:00,85.47,85.48,0.18
2025-03-25 13:00:00,84.72,85.54,0.18
2025-03-25 14:00:00,84.03,85.5,0.2
2025-03-25 15:00:00,82.31,85.32,0.2
2025-03-25 16:00:00,79.16,85.03,0.2
2025-03-25 17:00:00,77.67,85.08,0.21
2025-03-25 18:00:00,75.43,85.0,0.2
2025-03-25 19:00:00,71.4,84.72,0.24
2025-03-25 20:00:00,69.83,84.78,0.15
2025-03-25 21:00:00,68.11,84.58,0.22
2025-03-25 22:00:00,66.76,84.73,0.22
2025-03-25 23:00:00,65.84,84.74,0.18
2025-03-26 00:00:00,65.38,84.54,0.19
2025-03-26 01:00:00,65.21,84.36,0.21
2025-03-26 02:00:00,66.31,84.46,0.16
2025-03-26 03:00:00,67.73,84.73,0.2
2025-03-26 04:00:00,69.7,84.82,0.21
2025-03-26 05:00:00,71.71,84.88,0.23
2025-03-26 06:00:00,75.45,85.15,0.24
2025-03-26 07:00:00,78.0,85.04,0.21
2025-03-26 08:00:00,80.13,85.2,0.22
2025-03-26 09:00:00,81.97,85.34,0.18
2025-03-26 10:00:00,84.22,85.23,0.18
2025-03-26 11:00:00,84.97,85.62,0.17
2025-03-26 12:00:00,84.77,85.43,0.18
2025-03-26 13:00:00,85.63,85.61,0.17
2025-03-26 14:00:00,83.33,85.63,0.21
2025-03-26 15:00:00,81.21,85.41,0.21
2025-03-26 16:00:00,79.21,85.4,0.23
2025-03-26 17:00:00,77.29,85.05,0.21
2025-03-26 18:00:00,74.47,84.97,0.21
2025-03-26 19:00:00,73.15,84.89,0.17
2025-03-26 20:00:00,70.65,84.75,0.21
2025-03-26 21:00:00,67.83,84.63,0.21
2025-03-26 22:00:00,66.92,84.6,0.23
2025-03-26 23:00:00,65.03,84.51,0.23
2025-03-27 00:00:00,64.81,84.57,0.18
2025-03-27 01:00:00,65.85,84.3,0.22
2025-03-27 02:00:00,66.18,84.62,0.21
2025-03-27 03:00:00,67.21,84.66,0.22
2025-03-27 04:00:00,68.84,84.54,0.21
2025-03-27 05:00:00,72.6,84.82,0.19
2025-03-27 06:00:00,75.36,84.94,0.19
2025-03-27 07:00:00,77.78,85.14,0.18
2025-03-27 08:00:00,80.84,85.23,0.18
2025-03-27 09:00:00,81.38,85.47,0.24
2025-03-27 10:00:00,83.57,85.19,0.19
2025-03-27 11:00:00,84.31,85.55,0.21
2025-03-27 12:00:00,85.02,85.52,0.22
2025-03-27 13:00:00,85.59,85.45,0.2
2025-03-27 14:00:00,83.95,85.44,0.21
2025-03-27 15:00:00,81.45,85.31,0.21
2025-03-27 16:00:00,80.46,85.18,0.21
2025-03-27 17:00:00,76.94,84.92,0.17
2025-03-27 18:00:00,75.52,85.18,0.22
2025-03-27 19:00:00,72.07,84.88,0.18
2025-03-27 20:00:00,70.34,84.52,0.18
2025-03-27 21:00:00,68.21,84.6,0.21
2025-03-27 22:00:00,66.56,84.63,0.2
2025-03-27 23:00:00,65.06,84.41,0.2
2025-03-28 00:00:00,65.24,84.5,0.17
2025-03-28 01:00:00,66.03,84.25,0.17
2025-03-28 02:00:00,66.15,84.52,0.19
2025-03-28 03:00:00,67.35,84.69,0.21
2025-03-28 04:00:00,70.43,84.82,0.21
2025-03-28 05:00:00,71.95,84.89,0.19
2025-03-28 06:00:00,74.93,84.92,0.16
2025-03-28 07:00:00,77.18,85.23,0.21
2025-03-28 08:00:00,80.74,85.32,0.19
2025-03-28 09:00:00,82.53,85.51,0.18
2025-03-28 10:00:00,83.85,85.37,0.16
2025-03-28 11:00:00,84.36,85.62,0.2
2025-03-28 12:00:00,85.07,85.69,0.19
2025-03-28 13:00:00,85.18,85.56,0.2
2025-03-28 14:00:00,82.86,85.5,0.17
2025-03-28 15:00:00,82.53,85.49,0.22
2025-03-28 16:00:00,80.61,85.37,0.21
2025-03-28 17:00:00,77.6,85.11,0.21
2025-03-28 18:00:00,75.34,85.01,0.21
2025-03-28 19:00:00,72.51,84.85,0.21
2025-03-28 20:00:00,70.01,84.64,0.21
2025-03-28 21:00:00,67.83,84.67,0.18
2025-03-28 22:00:00,66.25,84.57,0.19
2025-03-28 23:00:00,66.07,84.63,0.2
2025-03-29 00:00:00,63.56,84.3,0.19
2025-03-29 01:00:00,65.69,84.54,0.2
2025-03-29 02:00:00,66.79,84.49,0.22
2025-03-29 03:00:00,68.56,84.75,0.19
2025-03-29 04:00:00,69.61,84.79,0.22
2025-03-29 05:00:00,72.77,84.78,0.21
2025-03-29 06:00:00,74.91,85.03,0.18
2025-03-29 07:00:00,78.24,85.27,0.16
2025-03-29 08:00:00,79.51,85.29,0.19
2025-03-29 09:00:00,82.34,85.54,0.21
2025-03-29 10:00:00,83.5,85.4,0.2
2025-03-29 11:00:00,85.51,85.48,0.24
2025-03-29 12:00:00,84.67,85.66,0.16
2025-03-29 13:00:00,84.0,85.57,0.15
2025-03-29 14:00:00,84.38,85.61,0.21
2025-03-29 15:00:00,81.46,85.2,0.22
2025-03-29 16:00:00,81.13,85.15,0.24
2025-03-29 17:00:00,77.06,84.98,0.2
2025-03-29 18:00:00,75.27,84.99,0.21
2025-03-29 19:00:00,71.91,84.94,0.21
2025-03-29 20:00:00,69.67,84.68,0.21
2025-03-29 21:00:00,68.26,84.66,0.2
2025-03-29 22:00:00,66.87,84.44,0.18
2025-03-29 23:00:00,64.53,84.49,0.2
2025-03-30 00:00:00,66.21,84.39,0.2
2025-03-30 01:00:00,65.67,84.55,0.2
2025-03-30 02:00:00,67.07,84.65,0.19
2025-03-30 03:00:00,67.37,84.54,0.23
2025-03-30 04:00:00,69.57,84.72,0.22
2025-03-30 05:00:00,72.83,84.71,0.19
2025-03-30 06:00:00,74.98,84.85,0.19
2025-03-30 07:00:00,78.24,85.23,0.19
2025-03-30 08:00:00,79.95,85.27,0.21
2025-03-30 09:00:00,81.79,85.19,0.19
2025-03-30 10:00:00,83.56,85.48,0.19
2025-03-30 11:00:00,84.14,85.35,0.17
2025-03-30 12:00:00,84.86,85.4,0.23
2025-03-30 13:00:00,85.3,85.44,0.2
2025-03-30 14:00:00,84.44,85.42,0.17
2025-03-30 15:00:00,82.76,85.28,0.18
2025-03-30 16:00:00,79.98,85.16,0.19
2025-03-30 17:00:00,77.45,85.16,0.21
2025-03-30 18:00:00,74.27,85.27,0.19
2025-03-30 19:00:00,73.36,84.84,0.19
2025-03-30 20:00:00,70.32,84.83,0.22
2025-03-30 21:00:00,68.17,84.8,0.17
2025-03-30 22:00:00,66.74,84.63,0.2
2025-03-30 23:00:00,65.15,84.68,0.2
2025-03-31 00:00:00,65.7,84.6,0.23
2025-03-31 01:00:00,66.06,84.5,0.2
2025-03-31 02:00:00,66.83,84.55,0.21
2025-03-31 03:00:00,68.0,84.64,0.15
2025-03-31 04:00:00,69.52,84.65,0.18
2025-03-31 05:00:00,73.19,84.85,0.23
2025-03-31 06:00:00,73.89,85.06,0.22
2025-03-31 07:00:00,78.05,85.01,0.23
2025-03-31 08:00:00,79.08,85.18,0.23
2025-03-31 09:00:00,81.21,85.25,0.17
2025-03-31 10:00:00,82.88,85.45,0.25
2025-03-31 11:00:00,84.69,85.37,0.2
2025-03-31 12:00:00,84.17,85.44,0.2
2025-03-31 13:00:00,84.03,85.56,0.23
2025-03-31 14:00:00,83.31,85.36,0.2
2025-03-31 15:00:00,81.91,85.23,0.23
2025-03-31 16:00:00,79.52,85.2,0.19
2025-03-31 17:00:00,77.3,85.01,0.17
2025-03-31 18:00:00,74.72,85.07,0.19
2025-03-31 19:00:00,71.86,84.76,0.23
2025-03-31 20:00:00,69.2,84.64,0.18
2025-03-31 21:00:00,67.85,84.64,0.18
2025-03-31 22:00:00,65.01,84.57,0.22
2025-03-31 23:00:00,65.73,84.54,0.22
2025-04-01 00:00:00,65.34,84.48,0.18
2025-04-01 01:00:00,65.01,84.57,0.22
2025-04-01 02:00:00,66.37,84.83,0.19
2025-04-01 03:00:00,68.55,84.74,0.21
2025-04-01 04:00:00,70.71,84.78,0.19
2025-04-01 05:00:00,71.42,84.85,0.22
2025-04-01 06:00:00,74.49,84.75,0.18
2025-04-01 07:00:00,77.57,84.87,0.21
2025-04-01 08:00:00,79.57,85.28,0.22
2025-04-01 09:00:00,81.71,85.23,0.2
2025-04-01 10:00:00,83.42,85.28,0.17
2025-04-01 11:00:00,85.25,85.4,0.23
2025-04-01 12:00:00,85.15,85.56,0.19
2025-04-01 13:00:00,85.33,85.59,0.21
2025-04-01 14:00:00,84.11,85.45,0.19
2025-04-01 15:00:00,82.24,85.28,0.19
2025-04-01 16:00:00,80.21,85.14,0.2
2025-04-01 17:00:00,77.88,85.06,0.18
2025-04-01 18:00:00,75.14,84.76,0.24
2025-04-01 19:00:00,72.73,84.87,0.22
2025-04-01 20:00:00,70.38,84.75,0.18
2025-04-01 21:00:00,68.3,84.86,0.2
2025-04-01 22:00:00,65.72,84.65,0.19
2025-04-01 23:00:00,64.98,84.38,0.16
2025-04-02 00:00:00,65.55,84.71,0.19
2025-04-02 01:00:00,65.66,84.52,0.21
2025-04-02 02:00:00,67.14,84.67,0.18
2025-04-02 03:00:00,67.51,84.76,0.15
2025-04-02 04:00:00,70.58,84.59,0.15
2025-04-02 05:00:00,72.37,84.8,0.17
2025-04-02 06:00:00,74.31,84.99,0.19
2025-04-02 07:00:00,77.59,85.02,0.16
2025-04-02 08:00:00,81.11,85.26,0.18
2025-04-02 09:00:00,82.0,85.5,0.21
2025-04-02 10:00:00,83.76,85.34,0.23
2025-04-02 11:00:00,84.93,85.42,0.17
2025-04-02 12:00:00,84.99,85.66,0.17
2025-04-02 13:00:00,84.61,85.37,0.2
2025-04-02 14:00:00,83.24,85.52,0.2
2025-04-02 15:00:00,81.16,85.37,0.19
2025-04-02 16:00:00,81.06,85.38,0.17
2025-04-02 17:00:00,77.78,84.92,0.21
2025-04-02 18:00:00,75.22,85.04,0.2
2025-04-02 19:00:00,72.28,84.88,0.18
2025-04-02 20:00:00,69.05,84.52,0.21
2025-04-02 21:00:00,68.21,84.6,0.23
2025-04-02 22:00:00,65.95,84.52,0.2
2025-04-02 23:00:00,65.23,84.5,0.22
2025-04-03 00:00:00,65.03,84.57,0.19
2025-04-03 01:00:00,65.42,84.35,0.18
2025-04-03 02:00:00,66.15,84.71,0.18
2025-04-03 03:00:00,68.28,84.56,0.18
2025-04-03 04:00:00,70.62,84.68,0.17
2025-04-03 05:00:00,71.81,85.0,0.18
2025-04-03 06:00:00,75.19,84.89,0.21
2025-04-03 07:00:00,77.53,85.18,0.21
2025-04-03 08:00:00,79.41,85.24,0.18
2025-04-03 09:00:00,80.47,85.21,0.18
2025-04-03 10:00:00,84.07,85.51,0.19
2025-04-03 11:00:00,85.71,85.49,0.2
2025-04-03 12:00:00,85.17,85.34,0.18
2025-04-03 13:00:00,85.19,85.42,0.2
2025-04-03 14:00:00,83.87,85.48,0.19
2025-04-03 15:00:00,81.63,85.21,0.2
2025-04-03 16:00:00,80.38,85.22,0.22
2025-04-03 17:00:00,76.87,85.13,0.22
2025-04-03 18:00:00,74.97,85.0,0.2
2025-04-03 19:00:00,72.18,84.95,0.21
2025-04-03 20:00:00,69.42,84.9,0.19
2025-04-03 21:00:00,68.42,84.78,0.19
2025-04-03 22:00:00,65.77,84.65,0.21
2025-04-03 23:00:00,64.43,84.59,0.2
2025-04-04 00:00:00,65.02,84.51,0.19
2025-04-04 01:00:00,65.07,84.36,0.2
2025-04-04 02:00:00,65.88,84.63,0.16
2025-04-04 03:00:00,68.44,84.8,0.2
2025-04-04 04:00:00,69.43,84.75,0.19
2025-04-04 05:00:00,72.29,84.7,0.21
2025-04-04 06:00:00,75.6,84.94,0.2
2025-04-04 07:00:00,76.92,85.19,0.23
2025-04-04 08:00:00,80.16,85.34,0.21
2025-04-04 09:00:00,81.93,85.41,0.21
2025-04-04 10:00:00,83.14,85.48,0.2
2025-04-04 11:00:00,84.85,85.53,0.17
2025-04-04 12:00:00,84.93,85.39,0.19
2025-04-04 13:00:00,84.63,85.48,0.24
2025-04-04 14:00:00,83.95,85.64,0.19
2025-04-04 15:00:00,82.34,85.33,0.16
2025-04-04 16:00:00,81.01,85.41,0.2
2025-04-04 17:00:00,78.28,85.22,0.22
2025-04-04 18:00:00,75.72,85.01,0.23
2025-04-04 19:00:00,71.38,84.93,0.2
2025-04-04 20:00:00,68.94,84.68,0.17
2025-04-04 21:00:00,67.72,84.47,0.21
2025-04-04 22:00:00,65.96,84.7,0.22
2025-04-04 23:00:00,65.13,84.3,0.21
2025-04-05 00:00:00,63.43,84.38,0.19
2025-04-05 01:00:00,64.29,84.46,0.22
2025-04-05 02:00:00,66.04,84.59,0.21
2025-04-05 03:00:00,67.46,84.6,0.18
2025-04-05 04:00:00,69.96,84.81,0.23
2025-04-05 05:00:00,72.13,84.89,0.19
2025-04-05 06:00:00,75.79,84.99,0.22
2025-04-05 07:00:00,77.6,85.16,0.22
2025-04-05 08:00:00,80.55,85.14,0.17
2025-04-05 09:00:00,82.07,85.28,0.2
2025-04-05 10:00:00,83.68,85.33,0.23
2025-04-05 11:00:00,83.52,85.4,0.22
2025-04-05 12:00:00,84.23,85.38,0.19
2025-04-05 13:00:00,84.34,85.47,0.21
2025-04-05 14:00:00,83.64,85.43,0.18
2025-04-05 15:00:00,81.88,85.49,0.2
2025-04-05 16:00:00,79.6,85.32,0.22
2025-04-05 17:00:00,77.35,85.17,0.2
2025-04-05 18:00:00,75.86,84.88,0.21
2025-04-05 19:00:00,71.97,84.94,0.22
2025-04-05 20:00:00,70.2,84.89,0.24
2025-04-05 21:00:00,68.49,84.65,0.17
2025-04-05 22:00:00,67.04,84.68,0.18
2025-04-05 23:00:00,65.88,84.43,0.23
2025-04-06 00:00:00,65.43,84.52,0.2
2025-04-06 01:00:00,65.46,84.62,0.21
2025-04-06 02:00:00,66.3,84.61,0.22
2025-04-06 03:00:00,68.48,84.58,0.2
2025-04-06 04:00:00,69.28,84.74,0.22
2025-04-06 05:00:00,72.7,84.91,0.2
2025-04-06 06:00:00,74.54,85.19,0.17
2025-04-06 07:00:00,77.02,85.12,0.18
2025-04-06 08:00:00,80.19,85.24,0.21
2025-04-06 09:00:00,80.94,85.25,0.21
2025-04-06 10:00:00,84.11,85.46,0.23
2025-04-06 11:00:00,84.94,85.37,0.19
2025-04-06 12:00:00,84.97,85.57,0.19
2025-04-06 13:00:00,84.65,85.47,0.24
2025-04-06 14:00:00,84.43,85.41,0.2
2025-04-06 15:00:00,81.92,85.27,0.22
2025-04-06 16:00:00,80.31,85.14,0.19
2025-04-06 17:00:00,76.92,85.1,0.2
2025-04-06 18:00:00,74.81,85.19,0.24
2025-04-06 19:00:00,72.17,85.08,0.19
2025-04-06 20:00:00,70.25,84.8,0.17
2025-04-06 21:00:00,67.13,84.65,0.18
2025-04-06 22:00:00,67.07,84.48,0.18
2025-04-06 23:00:00,65.36,84.43,0.17
2025-04-07 00:00:00,64.77,84.42,0.21
2025-04-07 01:00:00,65.11,84.64,0.18
2025-04-07 02:00:00,68.05,84.57,0.18
2025-04-07 03:00:00,68.24,84.73,0.2
2025-04-07 04:00:00,69.99,84.64,0.19
2025-04-07 05:00:00,71.99,84.98,0.22
2025-04-07 06:00:00,75.36,85.07,0.21
2025-04-07 07:00:00,77.9,84.99,0.18
2025-04-07 08:00:00,80.57,85.16,0.21
2025-04-07 09:00:00,82.11,85.39,0.2
2025-04-07 10:00:00,83.56,85.37,0.23
2025-04-07 11:00:00,83.8,85.38,0.22
2025-04-07 12:00:00,85.63,85.54,0.19
2025-04-07 13:00:00,84.12,85.42,0.17
2025-04-07 14:00:00,83.5,85.39,0.2
2025-04-07 15:00:00,82.61,85.49,0.19
2025-04-07 16:00:00,80.24,85.25,0.23
2025-04-07 17:00:00,77.82,84.99,0.17
2025-04-07 18:00:00,75.09,85.13,0.21
2025-04-07 19:00:00,72.21,84.72,0.21
2025-04-07 20:00:00,69.8,84.68,0.2
2025-04-07 21:00:00,68.19,84.61,0.19
2025-04-07 22:00:00,66.01,84.64,0.21
2025-04-07 23:00:00,65.8,84.42,0.21
2025-04-08 00:00:00,64.62,84.47,0.22
2025-04-08 01:00:00,65.55,84.43,0.21
2025-04-08 02:00:00,65.43,84.61,0.23
2025-04-08 03:00:00,68.06,84.65,0.19
2025-04-08 04:00:00,69.19,84.74,0.2
2025-04-08 05:00:00,73.17,84.9,0.22
2025-04-08 06:00:00,75.83,84.94,0.21
2025-04-08 07:00:00,77.88,85.11,0.24
2025-04-08 08:00:00,80.88,85.27,0.16
2025-04-08 09:00:00,82.19,85.29,0.21
2025-04-08 10:00:00,83.39,85.48,0.22
2025-04-08 11:00:00,84.41,85.44,0.19
2025-04-08 12:00:00,85.15,85.44,0.2
2025-04-08 13:00:00,84.26,85.35,0.2
2025-04-08 14:00:00,83.54,85.45,0.18
2025-04-08 15:00:00,82.01,85.4,0.22
2025-04-08 16:00:00,80.0,85.14,0.22
2025-04-08 17:00:00,77.46,85.23,0.2
2025-04-08 18:00:00,75.49,85.1,0.19
2025-04-08 19:00:00,72.84,84.86,0.17
2025-04-08 20:00:00,69.67,84.79,0.2
2025-04-08 21:00:00,67.31,84.76,0.21
2025-04-08 22:00:00,67.08,84.63,0.19
2025-04-08 23:00:00,65.77,84.73,0.19
2025-04-09 00:00:00,65.03,84.43,0.21
2025-04-09 01:00:00,65.24,84.45,0.23
2025-04-09 02:00:00,67.11,84.67,0.21
2025-04-09 03:00:00,67.96,84.51,0.2
2025-04-09 04:00:00,70.27,84.87,0.17
2025-04-09 05:00:00,73.79,84.66,0.23
2025-04-09 06:00:00,75.54,85.34,0.18
2025-04-09 07:00:00,77.12,85.13,0.21
2025-04-09 08:00:00,79.83,85.2,0.21
2025-04-09 09:00:00,82.46,85.42,0.17
2025-04-09 10:00:00,83.05,85.29,0.23
2025-04-09 11:00:00,84.42,85.41,0.2
2025-04-09 12:00:00,85.25,85.33,0.21
2025-04-09 13:00:00,85.72,85.48,0.23
2025-04-09 14:00:00,83.89,85.58,0.2
2025-04-09 15:00:00,82.72,85.45,0.16
2025-04-09 16:00:00,79.03,85.17,0.21
2025-04-09 17:00:00,78.34,84.86,0.21
2025-04-09 18:00:00,74.39,85.0,0.2
2025-04-09 19:00:00,73.23,84.67,0.19
2025-04-09 20:00:00,70.15,84.87,0.2
2025-04-09 21:00:00,68.35,84.73,0.17
2025-04-09 22:00:00,65.84,84.5,0.2
2025-04-09 23:00:00,64.62,84.45,0.2
2025-04-10 00:00:00,64.42,84.17,0.18
2025-04-10 01:00:00,65.44,84.66,0.21
2025-04-10 02:00:00,65.82,84.53,0.2
2025-04-10 03:00:00,68.22,84.8,0.2
2025-04-10 04:00:00,70.37,84.81,0.19
2025-04-10 05:00:00,71.84,84.9,0.23
2025-04-10 06:00:00,75.04,85.05,0.21
2025-04-10 07:00:00,77.28,85.14,0.21
2025-04-10 08:00:00,80.19,85.35,0.2
2025-04-10 09:00:00,82.53,85.2,0.18
2025-04-10 10:00:00,83.26,85.52,0.2
2025-04-10 11:00:00,84.61,85.54,0.18
2025-04-10 12:00:00,85.0,85.6,0.19
2025-04-10 13:00:00,84.33,85.51,0.2
2025-04-10 14:00:00,83.61,85.42,0.2
2025-04-10 15:00:00,81.94,85.34,0.19
2025-04-10 16:00:00,79.88,85.28,0.2
2025-04-10 17:00:00,76.75,85.03,0.19
2025-04-10 18:00:00,75.44,84.93,0.24
2025-04-10 19:00:00,72.84,84.81,0.18
2025-04-10 20:00:00,69.45,84.67,0.18
2025-04-10 21:00:00,68.15,84.75,0.22
2025-04-10 22:00:00,66.19,84.68,0.18
2025-04-10 23:00:00,65.96,84.66,0.21
2025-04-11 00:00:00,65.15,84.59,0.24
2025-04-11 01:00:00,65.14,84.45,0.2
2025-04-11 02:00:00,66.81,84.47,0.23
2025-04-11 03:00:00,68.68,84.72,0.21
2025-04-11 04:00:00,69.68,84.8,0.24
2025-04-11 05:00:00,72.01,84.74,0.19
2025-04-11 06:00:00,74.61,84.92,0.21
2025-04-11 07:00:00,77.76,85.05,0.19
2025-04-11 08:00:00,80.02,85.13,0.23
2025-04-11 09:00:00,81.69,85.31,0.19
2025-04-11 10:00:00,83.43,85.41,0.2
2025-04-11 11:00:00,84.97,85.48,0.2
2025-04-11 12:00:00,84.3,85.53,0.21
2025-04-11 13:00:00,84.84,85.49,0.18
2025-04-11 14:00:00,83.53,85.48,0.21
2025-04-11 15:00:00,81.87,85.18,0.22
2025-04-11 16:00:00,79.89,85.05,0.17
2025-04-11 17:00:00,77.26,85.04,0.16
2025-04-11 18:00:00,75.95,85.07,0.15
2025-04-11 19:00:00,72.17,84.84,0.18
2025-04-11 20:00:00,69.84,84.58,0.2
2025-04-11 21:00:00,68.01,84.76,0.18
2025-04-11 22:00:00,65.78,84.48,0.2
2025-04-11 23:00:00,65.8,84.54,0.27
2025-04-12 00:00:00,65.64,84.47,0.2
2025-04-12 01:00:00,64.84,84.29,0.21
2025-04-12 02:00:00,66.35,84.58,0.19
2025-04-12 03:00:00,68.33,84.74,0.23
2025-04-12 04:00:00,70.55,84.91,0.21
2025-04-12 05:00:00,73.28,84.93,0.22
2025-04-12 06:00:00,75.19,84.96,0.17
2025-04-12 07:00:00,77.48,85.33,0.22
2025-04-12 08:00:00,80.45,85.44,0.19
2025-04-12 09:00:00,82.02,85.29,0.2
2025-04-12 10:00:00,83.47,85.32,0.17
2025-04-12 11:00:00,84.24,85.53,0.21
2025-04-12 12:00:00,84.41,85.54,0.19
2025-04-12 13:00:00,84.92,85.42,0.23
2025-04-12 14:00:00,83.99,85.3,0.21
2025-04-12 15:00:00,81.42,85.37,0.2
2025-04-12 16:00:00,79.85,85.24,0.24
2025-04-12 17:00:00,77.23,85.06,0.2
2025-04-12 18:00:00,75.55,85.05,0.2
2025-04-12 19:00:00,72.75,84.82,0.23
2025-04-12 20:00:00,69.41,84.76,0.18
2025-04-12 21:00:00,67.48,84.45,0.22
2025-04-12 22:00:00,67.11,84.63,0.18
2025-04-12 23:00:00,66.41,84.7,0.19
2025-04-13 00:00:00,64.51,84.52,0.21
2025-04-13 01:00:00,65.63,84.57,0.17
2025-04-13 02:00:00,65.65,84.48,0.22
2025-04-13 03:00:00,68.37,84.65,0.16
2025-04-13 04:00:00,70.17,84.73,0.17
2025-04-13 05:00:00,72.02,84.85,0.15
2025-04-13 06:00:00,75.17,84.98,0.18
2025-04-13 07:00:00,77.13,85.2,0.2
2025-04-13 08:00:00,79.67,85.29,0.18
2025-04-13 09:00:00,81.74,85.38,0.2
2025-04-13 10:00:00,83.78,85.47,0.22
2025-04-13 11:00:00,85.37,85.45,0.22
2025-04-13 12:00:00,84.67,85.31,0.24
2025-04-13 13:00:00,84.28,85.45,0.2
2025-04-13 14:00:00,83.49,85.36,0.22
2025-04-13 15:00:00,81.63,85.35,0.22
2025-04-13 16:00:00,79.53,85.23,0.24
2025-04-13 17:00:00,77.3,85.18,0.18
2025-04-13 18:00:00,75.29,84.94,0.2
2025-04-13 19:00:00,71.58,84.83,0.19
2025-04-13 20:00:00,69.49,84.62,0.21
2025-04-13 21:00:00,67.76,84.61,0.17
2025-04-13 22:00:00,66.52,84.41,0.22
2025-04-13 23:00:00,64.88,84.59,0.18
2025-04-14 00:00:00,64.94,84.42,0.18
2025-04-14 01:00:00,65.73,84.53,0.17
2025-04-14 02:00:00,66.97,84.58,0.19
2025-04-14 03:00:00,68.13,84.67,0.23
2025-04-14 04:00:00,69.7,84.84,0.21
2025-04-14 05:00:00,72.28,84.9,0.22
2025-04-14 06:00:00,76.3,84.94,0.21
2025-04-14 07:00:00,79.08,85.47,0.18
2025-04-14 08:00:00,80.01,85.32,0.16
2025-04-14 09:00:00,81.21,85.2,0.19
2025-04-14 10:00:00,83.6,85.3,0.16
2025-04-14 11:00:00,84.17,85.39,0.19
2025-04-14 12:00:00,85.06,85.48,0.18
2025-04-14 13:00:00,84.56,85.58,0.2
2025-04-14 14:00:00,84.15,85.63,0.18
2025-04-14 15:00:00,82.1,85.41,0.22
2025-04-14 16:00:00,78.65,85.3,0.2
2025-04-14 17:00:00,77.35,85.21,0.22
2025-04-14 18:00:00,74.88,85.06,0.19
2025-04-14 19:00:00,72.36,84.98,0.21
2025-04-14 20:00:00,69.68,84.9,0.2
2025-04-14 21:00:00,68.15,84.58,0.17
2025-04-14 22:00:00,66.13,84.61,0.2
2025-04-14 23:00:00,64.36,84.59,0.23
2025-04-15 00:00:00,65.4,84.68,0.16
2025-04-15 01:00:00,65.07,84.52,0.18
2025-04-15 02:00:00,66.4,84.72,0.22
2025-04-15 03:00:00,68.82,84.76,0.17
2025-04-15 04:00:00,70.34,84.91,0.23
2025-04-15 05:00:00,73.39,85.04,0.21
2025-04-15 06:00:00,75.43,85.01,0.17
2025-04-15 07:00:00,76.73,85.04,0.21
2025-04-15 08:00:00,79.86,85.28,0.19
2025-04-15 09:00:00,82.02,85.39,0.23
2025-04-15 10:00:00,84.5,85.48,0.22
2025-04-15 11:00:00,85.22,85.64,0.19
2025-04-15 12:00:00,85.3,85.5,0.17
2025-04-15 13:00:00,85.16,85.63,0.23
2025-04-15 14:00:00,83.65,85.57,0.25
2025-04-15 15:00:00,82.6,85.29,0.21
2025-04-15 16:00:00,80.72,85.4,0.19
2025-04-15 17:00:00,77.33,85.18,0.22
2025-04-15 18:00:00,74.79,84.95,0.21
2025-04-15 19:00:00,72.32,84.75,0.2
2025-04-15 20:00:00,70.08,84.78,0.16
2025-04-15 21:00:00,67.3,84.47,0.17
2025-04-15 22:00:00,65.08,84.58,0.19
2025-04-15 23:00:00,65.57,84.43,0.23
2025-04-16 00:00:00,64.9,84.43,0.21
2025-04-16 01:00:00,65.53,84.58,0.19
2025-04-16 02:00:00,66.4,84.65,0.21
2025-04-16 03:00:00,68.19,84.77,0.23
2025-04-16 04:00:00,69.6,84.79,0.2
2025-04-16 05:00:00,71.81,84.95,0.23
2025-04-16 06:00:00,75.01,85.02,0.16
2025-04-16 07:00:00,77.67,84.92,0.17
2025-04-16 08:00:00,80.34,85.25,0.2
2025-04-16 09:00:00,81.98,85.36,0.18
2025-04-16 10:00:00,83.84,85.4,0.19
2025-04-16 11:00:00,84.94,85.29,0.2
2025-04-16 12:00:00,85.06,85.63,0.2
2025-04-16 13:00:00,83.09,85.45,0.2
2025-04-16 14:00:00,83.48,85.45,0.18
2025-04-16 15:00:00,82.58,85.15,0.23
2025-04-16 16:00:00,80.0,85.27,0.23
2025-04-16 17:00:00,77.01,85.06,0.2
2025-04-16 18:00:00,74.97,84.99,0.19
2025-04-16 19:00:00,72.52,84.91,0.21
2025-04-16 20:00:00,68.96,84.7,0.19
2025-04-16 21:00:00,68.18,84.67,0.22
2025-04-16 22:00:00,66.17,84.68,0.22
2025-04-16 23:00:00,65.12,84.61,0.2
2025-04-17 00:00:00,65.81,84.71,0.19
2025-04-17 01:00:00,65.46,84.66,0.22
2025-04-17 02:00:00,66.64,84.53,0.2
2025-04-17 03:00:00,67.39,84.63,0.21
2025-04-17 04:00:00,70.5,84.84,0.22
2025-04-17 05:00:00,72.57,84.8,0.2
2025-04-17 06:00:00,74.93,84.94,0.18
2025-04-17 07:00:00,76.7,85.04,0.19
2025-04-17 08:00:00,80.71,85.31,0.18
2025-04-17 09:00:00,82.86,85.36,0.2
2025-04-17 10:00:00,83.47,85.38,0.19
2025-04-17 11:00:00,84.95,85.49,0.21
2025-04-17 12:00:00,85.13,85.68,0.19
2025-04-17 13:00:00,85.43,85.57,0.21
2025-04-17 14:00:00,84.07,85.62,0.2
2025-04-17 15:00:00,82.28,85.45,0.18
2025-04-17 16:00:00,80.54,85.42,0.17
2025-04-17 17:00:00,77.15,85.04,0.2
2025-04-17 18:00:00,75.96,85.1,0.2
2025-04-17 19:00:00,71.76,84.85,0.17
2025-04-17 20:00:00,70.24,84.83,0.16
2025-04-17 21:00:00,68.29,84.54,0.18
2025-04-17 22:00:00,66.66,84.46,0.2
2025-04-17 23:00:00,65.01,84.53,0.19
2025-04-18 00:00:00,65.33,84.45,0.22
2025-04-18 01:00:00,65.36,84.52,0.2
2025-04-18 02:00:00,65.85,84.46,0.19
2025-04-18 03:00:00,68.16,84.69,0.18
2025-04-18 04:00:00,70.75,84.89,0.18
2025-04-18 05:00:00,72.91,84.89,0.23
2025-04-18 06:00:00,74.87,84.93,0.21
2025-04-18 07:00:00,78.42,84.99,0.21
2025-04-18 08:00:00,80.64,85.23,0.21
2025-04-18 09:00:00,81.36,85.22,0.21
2025-04-18 10:00:00,83.81,85.58,0.19
2025-04-18 11:00:00,85.19,85.49,0.19
2025-04-18 12:00:00,84.87,85.41,0.21
2025-04-18 13:00:00,84.24,85.44,0.19
2025-04-18 14:00:00,83.53,85.34,0.22
2025-04-18 15:00:00,81.89,85.38,0.19
2025-04-18 16:00:00,79.43,85.23,0.22
2025-04-18 17:00:00,77.41,85.14,0.22
2025-04-18 18:00:00,74.63,85.05,0.2
2025-04-18 19:00:00,72.49,84.9,0.21
2025-04-18 20:00:00,70.15,84.85,0.19
2025-04-18 21:00:00,67.99,84.63,0.15
2025-04-18 22:00:00,65.93,84.48,0.19
2025-04-18 23:00:00,64.29,84.36,0.17
2025-04-19 00:00:00,64.82,84.45,0.24
2025-04-19 01:00:00,65.06,84.43,0.21
2025-04-19 02:00:00,66.04,84.69,0.2
2025-04-19 03:00:00,67.86,84.5,0.18
2025-04-19 04:00:00,69.34,84.55,0.22
2025-04-19 05:00:00,71.75,84.92,0.2
2025-04-19 06:00:00,74.23,85.02,0.18
2025-04-19 07:00:00,78.31,85.2,0.22
2025-04-19 08:00:00,80.04,85.17,0.23
2025-04-19 09:00:00,82.23,85.41,0.2
2025-04-19 10:00:00,83.53,85.37,0.21
2025-04-19 11:00:00,84.22,85.38,0.23
2025-04-19 12:00:00,84.55,85.55,0.21
2025-04-19 13:00:00,83.84,85.4,0.2
2025-04-19 14:00:00,84.51,85.54,0.21
2025-04-19 15:00:00,82.58,85.5,0.2
2025-04-19 16:00:00,80.17,85.25,0.21
2025-04-19 17:00:00,77.91,85.06,0.21
2025-04-19 18:00:00,75.15,85.15,0.19
2025-04-19 19:00:00,71.9,84.84,0.23
2025-04-19 20:00:00,69.8,84.63,0.21
2025-04-19 21:00:00,67.16,84.58,0.22
2025-04-19 22:00:00,65.95,84.54,0.19
2025-04-19 23:00:00,65.17,84.47,0.24
2025-04-20 00:00:00,65.63,84.5,0.21
2025-04-20 01:00:00,65.1,84.41,0.19
2025-04-20 02:00:00,66.33,84.53,0.21
2025-04-20 03:00:00,68.07,84.73,0.19
2025-04-20 04:00:00,70.07,84.84,0.24
2025-04-20 05:00:00,71.77,84.74,0.2
2025-04-20 06:00:00,74.44,85.02,0.2
2025-04-20 07:00:00,77.07,85.29,0.22
2025-04-20 08:00:00,79.55,85.27,0.22
2025-04-20 09:00:00,81.69,85.22,0.18
2025-04-20 10:00:00,83.4,85.6,0.22
2025-04-20 11:00:00,84.53,85.45,0.19
2025-04-20 12:00:00,84.17,85.36,0.23
2025-04-20 13:00:00,84.02,85.53,0.19
2025-04-20 14:00:00,83.84,85.43,0.19
2025-04-20 15:00:00,81.89,85.26,0.19
2025-04-20 16:00:00,80.01,85.13,0.24
2025-04-20 17:00:00,77.92,85.16,0.21
2025-04-20 18:00:00,75.65,85.08,0.23
2025-04-20 19:00:00,72.38,84.93,0.19
2025-04-20 20:00:00,70.75,84.92,0.23
2025-04-20 21:00:00,68.07,84.36,0.2
2025-04-20 22:00:00,65.88,84.63,0.17
2025-04-20 23:00:00,66.47,84.55,0.21
2025-04-21 00:00:00,64.51,84.73,0.18
2025-04-21 01:00:00,64.8,84.43,0.2
2025-04-21 02:00:00,66.11,84.51,0.2
2025-04-21 03:00:00,66.99,84.8,0.19
2025-04-21 04:00:00,69.85,84.74,0.2
2025-04-21 05:00:00,70.81,84.78,0.23
2025-04-21 06:00:00,75.72,84.97,0.16
2025-04-21 07:00:00,77.29,85.19,0.21
2025-04-21 08:00:00,80.01,85.25,0.19
2025-04-21 09:00:00,81.45,85.26,0.19
2025-04-21 10:00:00,83.76,85.37,0.18
2025-04-21 11:00:00,84.53,85.51,0.2
2025-04-21 12:00:00,85.34,85.43,0.19
2025-04-21 13:00:00,85.79,85.53,0.21
2025-04-21 14:00:00,83.39,85.59,0.2
2025-04-21 15:00:00,81.74,85.5,0.22
2025-04-21 16:00:00,79.57,85.18,0.21
2025-04-21 17:00:00,77.39,85.05,0.23
2025-04-21 18:00:00,75.31,84.96,0.2
2025-04-21 19:00:00,73.02,84.95,0.19
2025-04-21 20:00:00,70.31,84.83,0.19
2025-04-21 21:00:00,67.57,84.49,0.18
2025-04-21 22:00:00,67.0,84.63,0.23
2025-04-21 23:00:00,65.46,84.53,0.2
2025-04-22 00:00:00,64.97,84.48,0.18
2025-04-22 01:00:00,66.06,84.51,0.18
2025-04-22 02:00:00,65.97,84.54,0.24
2025-04-22 03:00:00,67.56,84.55,0.2
2025-04-22 04:00:00,70.0,84.74,0.2
2025-04-22 05:00:00,72.45,84.74,0.17
2025-04-22 06:00:00,75.2,84.92,0.2
2025-04-22 07:00:00,77.74,85.29,0.18
2025-04-22 08:00:00,79.54,85.33,0.19
2025-04-22 09:00:00,81.51,85.25,0.21
2025-04-22 10:00:00,84.44,85.36,0.21
2025-04-22 11:00:00,85.0,85.5,0.19
2025-04-22 12:00:00,85.44,85.47,0.2
2025-04-22 13:00:00,85.15,85.58,0.21
2025-04-22 14:00:00,83.76,85.45,0.22
2025-04-22 15:00:00,83.18,85.25,0.18
2025-04-22 16:00:00,80.14,85.34,0.22
2025-04-22 17:00:00,77.45,85.14,0.19
2025-04-22 18:00:00,75.07,85.08,0.25
2025-04-22 19:00:00,72.5,84.84,0.21
2025-04-22 20:00:00,69.71,84.69,0.2
2025-04-22 21:00:00,68.05,84.57,0.19
2025-04-22 22:00:00,66.48,84.45,0.21
2025-04-22 23:00:00,64.15,84.21,0.2
2025-04-23 00:00:00,64.89,84.55,0.23
2025-04-23 01:00:00,66.35,84.51,0.2
2025-04-23 02:00:00,66.26,84.64,0.22
2025-04-23 03:00:00,67.61,84.71,0.19
2025-04-23 04:00:00,69.85,84.72,0.22
2025-04-23 05:00:00,72.85,84.88,0.2
2025-04-23 06:00:00,75.16,84.92,0.21
2025-04-23 07:00:00,77.71,85.33,0.18
2025-04-23 08:00:00,80.13,85.35,0.2
2025-04-23 09:00:00,82.09,85.25,0.18
2025-04-23 10:00:00,83.0,85.5,0.21
2025-04-23 11:00:00,84.07,85.26,0.18
2025-04-23 12:00:00,85.14,85.37,0.17
2025-04-23 13:00:00,84.95,85.42,0.17
2025-04-23 14:00:00,83.51,85.64,0.18
2025-04-23 15:00:00,82.67,85.47,0.18
2025-04-23 16:00:00,80.29,85.35,0.21
2025-04-23 17:00:00,77.8,85.22,0.2
2025-04-23 18:00:00,74.47,85.0,0.2
2025-04-23 19:00:00,72.51,84.75,0.2
2025-04-23 20:00:00,69.68,84.94,0.19
2025-04-23 21:00:00,67.55,84.51,0.19
2025-04-23 22:00:00,66.58,84.53,0.21
2025-04-23 23:00:00,64.94,84.53,0.19
2025-04-24 00:00:00,65.02,84.36,0.21
2025-04-24 01:00:00,66.02,84.5,0.15
2025-04-24 02:00:00,67.29,84.53,0.24
2025-04-24 03:00:00,67.75,84.56,0.2
2025-04-24 04:00:00,69.61,84.79,0.2
2025-04-24 05:00:00,72.69,85.09,0.2
2025-04-24 06:00:00,74.93,84.93,0.22
2025-04-24 07:00:00,77.62,85.08,0.17
2025-04-24 08:00:00,79.73,85.09,0.19
2025-04-24 09:00:00,82.77,85.18,0.19
2025-04-24 10:00:00,83.2,85.3,0.24
2025-04-24 11:00:00,84.72,85.48,0.24
2025-04-24 12:00:00,84.23,85.42,0.23
2025-04-24 13:00:00,84.28,85.46,0.2
2025-04-24 14:00:00,83.61,85.38,0.21
2025-04-24 15:00:00,81.54,85.23,0.21
2025-04-24 16:00:00,80.46,85.15,0.17
2025-04-24 17:00:00,77.82,85.27,0.17
2025-04-24 18:00:00,75.36,85.07,0.17
2025-04-24 19:00:00,72.44,84.88,0.19
2025-04-24 20:00:00,70.21,84.83,0.18
2025-04-24 21:00:00,68.99,84.69,0.22
2025-04-24 22:00:00,66.04,84.56,0.16
2025-04-24 23:00:00,65.82,84.59,0.21
2025-04-25 00:00:00,65.38,84.42,0.19
2025-04-25 01:00:00,65.71,84.53,0.18
2025-04-25 02:00:00,66.66,84.53,0.18
2025-04-25 03:00:00,67.85,84.54,0.21
2025-04-25 04:00:00,70.14,84.68,0.18
2025-04-25 05:00:00,72.89,84.92,0.23
2025-04-25 06:00:00,73.65,85.07,0.17
2025-04-25 07:00:00,77.12,85.08,0.23
2025-04-25 08:00:00,80.19,85.27,0.21
2025-04-25 09:00:00,81.23,85.36,0.2
2025-04-25 10:00:00,83.57,85.56,0.2
2025-04-25 11:00:00,84.48,85.53,0.22
2025-04-25 12:00:00,84.91,85.43,0.21
2025-04-25 13:00:00,85.36,85.38,0.17
2025-04-25 14:00:00,83.57,85.47,0.21
2025-04-25 15:00:00,82.47,85.41,0.2
2025-04-25 16:00:00,79.98,85.49,0.21
2025-04-25 17:00:00,78.28,85.28,0.21
2025-04-25 18:00:00,74.53,84.92,0.18
2025-04-25 19:00:00,72.8,84.94,0.19
2025-04-25 20:00:00,69.28,84.74,0.23
2025-04-25 21:00:00,67.88,84.67,0.21
2025-04-25 22:00:00,66.78,84.62,0.18
2025-04-25 23:00:00,65.81,84.49,0.21
2025-04-26 00:00:00,64.92,84.74,0.2
2025-04-26 01:00:00,64.99,84.48,0.24
2025-04-26 02:00:00,65.85,84.86,0.2
2025-04-26 03:00:00,67.62,84.63,0.19
2025-04-26 04:00:00,70.12,84.8,0.19
2025-04-26 05:00:00,72.55,84.97,0.22
2025-04-26 06:00:00,74.83,85.06,0.17
2025-04-26 07:00:00,77.64,85.32,0.21
2025-04-26 08:00:00,80.7,85.35,0.19
2025-04-26 09:00:00,82.16,85.53,0.18
2025-04-26 10:00:00,83.25,85.36,0.2
2025-04-26 11:00:00,84.77,85.52,0.22
2025-04-26 12:00:00,84.1,85.42,0.22
2025-04-26 13:00:00,85.0,85.33,0.19
2025-04-26 14:00:00,83.69,85.48,0.24
2025-04-26 15:00:00,82.98,85.34,0.21
2025-04-26 16:00:00,80.64,85.43,0.21
2025-04-26 17:00:00,76.63,85.1,0.21
2025-04-26 18:00:00,75.13,84.91,0.19
2025-04-26 19:00:00,73.15,84.82,0.21
2025-04-26 20:00:00,69.37,84.84,0.21
2025-04-26 21:00:00,67.56,84.62,0.23
2025-04-26 22:00:00,66.75,84.69,0.22
2025-04-26 23:00:00,64.53,84.56,0.18
2025-04-27 00:00:00,65.45,84.51,0.23
2025-04-27 01:00:00,64.77,84.47,0.19
2025-04-27 02:00:00,66.26,84.76,0.23
2025-04-27 03:00:00,68.13,84.62,0.21
2025-04-27 04:00:00,69.77,84.62,0.19
2025-04-27 05:00:00,72.83,84.85,0.19
2025-04-27 06:00:00,74.75,84.96,0.19
2025-04-27 07:00:00,77.66,85.01,0.21
2025-04-27 08:00:00,79.88,85.32,0.21
2025-04-27 09:00:00,82.11,85.32,0.21
2025-04-27 10:00:00,84.33,85.53,0.2
2025-04-27 11:00:00,84.13,85.26,0.19
2025-04-27 12:00:00,84.72,85.66,0.23
2025-04-27 13:00:00,84.71,85.42,0.21
2025-04-27 14:00:00,83.8,85.5,0.23
2025-04-27 15:00:00,81.81,85.4,0.21
2025-04-27 16:00:00,80.08,85.37,0.19
2025-04-27 17:00:00,78.93,85.15,0.19
2025-04-27 18:00:00,73.95,84.84,0.22
2025-04-27 19:00:00,72.43,84.83,0.19
2025-04-27 20:00:00,68.92,84.71,0.18
2025-04-27 21:00:00,67.99,84.61,0.17
2025-04-27 22:00:00,66.07,84.59,0.2
2025-04-27 23:00:00,65.18,84.39,0.18
2025-04-28 00:00:00,64.22,84.35,0.22
2025-04-28 01:00:00,64.83,84.47,0.16
2025-04-28 02:00:00,65.66,84.49,0.21
2025-04-28 03:00:00,67.76,84.66,0.19
2025-04-28 04:00:00,69.6,84.75,0.23
2025-04-28 05:00:00,72.08,84.87,0.2
2025-04-28 06:00:00,75.4,84.78,0.21
2025-04-28 07:00:00,77.53,85.17,0.17
2025-04-28 08:00:00,79.99,85.37,0.21
2025-04-28 09:00:00,81.63,85.32,0.18
2025-04-28 10:00:00,83.97,85.39,0.18
2025-04-28 11:00:00,84.34,85.57,0.21
2025-04-28 12:00:00,84.83,85.37,0.23
2025-04-28 13:00:00,83.99,85.33,0.2
2025-04-28 14:00:00,83.31,85.21,0.22
2025-04-28 15:00:00,82.24,85.39,0.21
2025-04-28 16:00:00,80.53,85.3,0.2
2025-04-28 17:00:00,77.85,85.09,0.23
2025-04-28 18:00:00,74.49,85.07,0.24
2025-04-28 19:00:00,72.43,84.83,0.19
2025-04-28 20:00:00,70.05,84.61,0.23
2025-04-28 21:00:00,68.16,84.61,0.25
2025-04-28 22:00:00,66.25,84.64,0.19
2025-04-28 23:00:00,64.41,84.55,0.19
2025-04-29 00:00:00,65.07,84.55,0.17
2025-04-29 01:00:00,64.96,84.44,0.24
2025-04-29 02:00:00,67.24,84.64,0.23
2025-04-29 03:00:00,67.97,84.61,0.18
2025-04-29 04:00:00,69.56,84.63,0.19
2025-04-29 05:00:00,72.12,84.82,0.2
2025-04-29 06:00:00,75.36,84.87,0.21
2025-04-29 07:00:00,77.09,84.93,0.19
2025-04-29 08:00:00,79.88,85.28,0.17
2025-04-29 09:00:00,82.06,85.45,0.2
2025-04-29 10:00:00,83.65,85.35,0.19
2025-04-29 11:00:00,84.6,85.36,0.17
2025-04-29 12:00:00,85.62,85.64,0.2
2025-04-29 13:00:00,84.4,85.49,0.23
2025-04-29 14:00:00,83.64,85.57,0.16
2025-04-29 15:00:00,82.65,85.41,0.18
2025-04-29 16:00:00,79.49,85.44,0.2
2025-04-29 17:00:00,78.01,85.11,0.18
2025-04-29 18:00:00,74.83,85.18,0.18
2025-04-29 19:00:00,73.2,85.06,0.23
2025-04-29 20:00:00,70.03,84.64,0.23
2025-04-29 21:00:00,68.35,84.73,0.2
2025-04-29 22:00:00,65.83,84.6,0.22
2025-04-29 23:00:00,64.82,84.37,0.23
2025-04-30 00:00:00,65.28,84.58,0.21
